ID,Name,variationId,behaviorJudgeId,ezStateBehaviorType_old,refType,wepCost,pad0,refId,sfxVariationId,stamina,mp,category,heroPoint,pad1,
4,Object destruction attack for automatic patrol -- 自動巡回用オブジェ破壊攻撃,0,0,0,1,0,0,4,-1,0,0,5,0,[0|0]
6,Object destruction attack for automatic patrol_for debugging function verification -- 自動巡回用オブジェ破壊攻撃_デバッグ機能検証用,0,0,0,1,0,0,6,-1,0,0,5,0,[0|0]
10,PC_common_ egg attack -- PC_共通_卵攻撃,0,0,0,0,0,0,10,-1,20,0,5,0,[0|0]
200,Contact impact_in-game start -- 接触衝撃_インゲーム開始,0,0,0,0,0,0,200,0,0,0,5,0,[0|0]
210,Contact impact_weak_upper and lower wrap -- 接触衝撃_弱_上下包み,0,0,0,0,0,0,210,0,0,0,5,0,[0|0]
211,Contact impact_weak_origin wrap -- 接触衝撃_弱_原点包み,0,0,0,0,0,0,211,0,0,0,5,0,[0|0]
220,Contact impact_middle_upper and lower wrap -- 接触衝撃_中_上下包み,0,0,0,0,0,0,220,0,0,0,5,0,[0|0]
221,Contact impact_medium_origin wrap -- 接触衝撃_中_原点包み,0,0,0,0,0,0,221,0,0,0,5,0,[0|0]
222,Contact impact_middle_below origin -- 接触衝撃_中_原点下方,0,0,0,0,0,0,222,0,0,0,5,0,[0|0]
280,Foot for SFX / right foot -- フットSFX用/右足,0,0,0,0,0,0,280,0,0,0,5,0,[0|0]
281,Foot for SFX / left foot -- フットSFX用/左足,0,0,0,0,0,0,281,0,0,0,5,0,[0|0]
285,Hand for SFX / right hand -- ハンドSFX用/右手,0,0,0,0,0,0,285,0,0,0,5,0,[0|0]
286,Hand for SFX / left hand -- ハンドSFX用/左手,0,0,0,0,0,0,286,0,0,0,5,0,[0|0]
600,Shinobi killing start_break -- 忍殺始動_崩し,0,0,0,0,0,0,600,0,0,0,5,0,[0|0]
640,Shinobi killing start_behind -- 忍殺始動_背後,0,0,0,0,0,0,640,0,0,0,5,0,[0|0]
650,Shinobi killing start_ crouching behind -- 忍殺始動_背後しゃがみ,0,0,0,0,0,0,650,0,0,0,5,0,[0|0]
660,Shinobi killing start_fall -- 忍殺始動_落下,0,0,0,0,0,0,660,0,0,0,5,0,[0|0]
680,Shinobi killing start_breaking wire -- 忍殺始動_崩しワイヤー,0,0,0,0,0,0,680,0,0,0,5,0,[0|0]
690,Shinobi killing start_anti-aircraft -- 忍殺始動_対空,0,0,0,0,0,0,690,0,0,0,5,0,[0|0]
700,Shinobi killing start_wall left -- 忍殺始動_壁張り付き左,0,0,0,0,0,0,700,0,0,0,5,0,[0|0]
710,Shinobi killing start_walled right -- 忍殺始動_壁張り付き右,0,0,0,0,0,0,710,0,0,0,5,0,[0|0]
720,Shinobi killing start_ hanging -- 忍殺始動_ぶら下がり,0,0,0,0,0,0,720,0,0,0,5,0,[0|0]
740,Shinobi killing start_breaking kick jump -- 忍殺始動_崩し蹴りジャンプ,0,0,0,0,0,0,740,0,0,0,5,0,[0|0]
800,Shinobi slaughter start _ stop _ priest -- 忍殺始動_とどめ_破戒僧,0,0,0,0,0,0,800,0,0,0,5,0,[0|0]
801,Shinobi killing start _ stop _ chief of the ninja army -- 忍殺始動_とどめ_忍軍の長,0,0,0,0,0,0,801,0,0,0,5,0,[0|0]
803,Shinobi killing start _ stop _ Yasha monkey -- 忍殺始動_とどめ_夜叉猿,0,0,0,0,0,0,803,0,0,0,5,0,[0|0]
804,Shinobi killing start _ stop _ rival -- 忍殺始動_とどめ_ライバル,0,0,0,0,0,0,804,0,0,0,5,0,[0|0]
805,Shinobi killing start _ stop _ butterfly -- 忍殺始動_とどめ_お蝶,0,0,0,0,0,0,805,0,0,0,5,0,[0|0]
806,Shinobi killing start _ stop _ sword sacred -- 忍殺始動_とどめ_剣聖,0,0,0,0,0,0,806,0,0,0,5,0,[0|0]
807,Shinobi killing start _ stop _ Buddhist demon -- 忍殺始動_とどめ_仏師鬼,0,0,0,0,0,0,807,0,0,0,5,0,[0|0]
840,Shinobi shock _ short distance _ on the spot -- 忍殺衝撃_近距離_その場,0,0,0,0,0,0,840,0,0,0,5,0,[0|0]
841,Shinobi shock _ short distance _ jump away -- 忍殺衝撃_近距離_飛び退き,0,0,0,0,0,0,841,0,0,0,5,0,[0|0]
842,Shinobi shock _ long distance _ on the spot -- 忍殺衝撃_遠距離_その場,0,0,0,0,0,0,842,0,0,0,5,0,[0|0]
843,Shinobi shock _ long distance _ jump away -- 忍殺衝撃_遠距離_飛び退き,0,0,0,0,0,0,843,0,0,0,5,0,[0|0]
900,Kick -- 蹴り,0,0,0,0,0,0,900,0,0,0,9,0,[0|0]
901,Kick_in the air -- 蹴り_空中,0,0,0,0,0,0,901,0,0,0,9,0,[0|0]
902,Kick _ closeout success production -- 蹴り_見切り成功演出,0,0,0,0,0,0,902,0,0,0,0,0,[0|0]
903,Kick_dash -- 蹴り_ダッシュ,0,0,0,0,0,0,903,0,0,0,9,0,[0|0]
950,Action ID direct designation attack for wire -- ワイヤー用行動ID直指定攻撃,0,0,0,0,0,0,9500001,0,0,0,0,0,[0|0]
105000000,Right-handed sword_reservoir 1 -- 右手刀_溜め突き1,5000,0,1,0,0,0,5000000,0,0,0,1,0,[0|0]
105000001,Right-handed sword_reservoir 2 -- 右手刀_溜め突き2,5000,1,1,0,0,0,5000001,0,0,0,1,0,[0|0]
105000006,Right hand sword_reservoir 2_reverse foot -- 右手刀_溜め突き2_逆足,5000,6,1,0,0,0,5000006,0,0,0,1,0,[0|0]
105000010,Right hand sword_normal attack 1 -- 右手刀_通常攻撃1,5000,10,1,0,0,0,5000010,0,0,0,1,0,[0|0]
105000011,Right hand sword_normal attack 2 -- 右手刀_通常攻撃2,5000,11,1,0,0,0,5000011,0,0,0,1,0,[0|0]
105000012,Right hand sword_normal attack 3 -- 右手刀_通常攻撃3,5000,12,1,0,0,0,5000012,0,0,0,1,0,[0|0]
105000013,Right hand sword_normal attack 4 -- 右手刀_通常攻撃4,5000,13,1,0,0,0,5000013,0,0,0,1,0,[0|0]
105000014,Right hand sword_normal attack 5 -- 右手刀_通常攻撃5,5000,14,1,0,0,0,5000014,0,0,0,1,0,[0|0]
105000016,Right hand sword_normal attack 2_reverse foot -- 右手刀_通常攻撃2_逆足,5000,16,1,0,0,0,5000016,0,0,0,1,0,[0|0]
105000020,Right hand sword _ Small jasuga received and then accumulated stab _ Left -- 右手刀_小ジャスガ受け後溜め突き_左,5000,20,1,0,0,0,5000020,0,0,0,1,0,[0|0]
105000021,Right hand sword_Small jasuga received and then accumulated thrust_Right -- 右手刀_小ジャスガ受け後溜め突き_右,5000,21,1,0,0,0,5000021,0,0,0,1,0,[0|0]
105000025,Right hand sword _ Middle jasuga receiver / After step stab _ Left -- 右手刀_中ジャスガ受け/ステップ後溜め突き_左,5000,25,1,0,0,0,5000025,0,0,0,1,0,[0|0]
105000026,Right hand sword _ Middle jasuga receiving / After step stab _ Right -- 右手刀_中ジャスガ受け/ステップ後溜め突き_右,5000,26,1,0,0,0,5000026,0,0,0,1,0,[0|0]
105000030,Right hand sword _ Attack after receiving small jasuga _ Left -- 右手刀_小ジャスガ受け後攻撃_左,5000,30,1,0,0,0,5000030,0,0,0,1,0,[0|0]
105000031,Right hand sword _ Attack after receiving small jasuga _ Right -- 右手刀_小ジャスガ受け後攻撃_右,5000,31,1,0,0,0,5000031,0,0,0,1,0,[0|0]
105000035,Right hand sword_Middle Jasuga receiving / Attack after step_Left -- 右手刀_中ジャスガ受け/ステップ後攻撃_左,5000,35,1,0,0,0,5000035,0,0,0,1,0,[0|0]
105000036,Right hand sword_Medium Jasuga receiving / Attack after step_Right -- 右手刀_中ジャスガ受け/ステップ後攻撃_右,5000,36,1,0,0,0,5000036,0,0,0,1,0,[0|0]
105000040,Right-handed sword_guard / Jasuga is flipped and then accumulated -- 右手刀_ガード/ジャスガ弾かれ後溜め突き_右,5000,40,1,0,0,0,5000040,0,0,0,1,0,[0|0]
105000041,Right hand sword _ guard / jasuga is flipped and then accumulated _ left -- 右手刀_ガード/ジャスガ弾かれ後溜め突き_左,5000,41,1,0,0,0,5000041,0,0,0,1,0,[0|0]
105000050,Right hand sword_guard / Jasuga attack after being hit_right -- 右手刀_ガード/ジャスガ弾かれ後攻撃_右,5000,50,1,0,0,0,5000050,0,0,0,1,0,[0|0]
105000051,Right hand sword_guard / Jasuga attack after being hit_left -- 右手刀_ガード/ジャスガ弾かれ後攻撃_左,5000,51,1,0,0,0,5000051,0,0,0,1,0,[0|0]
105000060,Right hand sword_Aerial attack 1 -- 右手刀_空中攻撃1,5000,60,1,0,0,0,5000060,0,0,0,1,0,[0|0]
105000061,Right hand sword_Aerial attack 2 -- 右手刀_空中攻撃2,5000,61,1,0,0,0,5000061,0,0,0,1,0,[0|0]
105000062,Right hand sword_Aerial attack 3 -- 右手刀_空中攻撃3,5000,62,1,0,0,0,5000062,0,0,0,1,0,[0|0]
105000065,Right hand sword_wire attack 1 -- 右手刀_ワイヤー攻撃1,5000,65,1,0,0,0,5000065,0,0,0,1,0,[0|0]
105000066,Right hand sword_wire attack 2 -- 右手刀_ワイヤー攻撃2,5000,66,1,0,0,0,5000066,0,0,0,1,0,[0|0]
105000070,Right hand sword_dash attack -- 右手刀_ダッシュ攻撃,5000,70,1,0,0,0,5000070,0,0,0,1,0,[0|0]
105000075,Right hand sword_ crouching attack -- 右手刀_しゃがみ攻撃,5000,75,1,0,0,0,5000075,0,0,0,1,0,[0|0]
105000076,Right hand sword_Crouching attack_Underfloor -- 右手刀_しゃがみ攻撃_床下,5000,76,1,0,0,0,5000076,0,0,0,1,0,[0|0]
105000080,Right hand sword _ hanging attack -- 右手刀_ぶら下がり攻撃,5000,80,1,0,0,0,5000080,0,0,0,1,0,[0|0]
105000085,Right hand sword_aging attack -- 右手刀_老化攻撃,5000,85,1,0,0,0,5000085,0,0,0,1,0,[0|0]
105000086,Right hand sword_water / underwater thrust 1 -- 右手刀_水上/水中突き1,5000,86,1,0,0,0,5000086,0,0,0,1,0,[0|0]
105000087,Right hand sword_water / underwater thrust 2 -- 右手刀_水上/水中突き2,5000,87,1,0,0,0,5000087,0,0,0,1,0,[0|0]
105000088,Right hand sword_water / underwater attack 1 -- 右手刀_水上/水中攻撃撃1,5000,88,1,0,0,0,5000088,0,0,0,1,0,[0|0]
105000089,Right hand sword_water / underwater attack 2 -- 右手刀_水上/水中攻撃撃2,5000,89,1,0,0,0,5000089,0,0,0,1,0,[0|0]
105000090,Right hand sword_guard -- 右手刀_ガード,5000,90,1,0,0,0,5000090,0,0,0,1,0,[0|0]
105000100,Shuriken_Chasing Slash -- 手裏剣_追いかけ斬り,5000,100,1,0,0,0,5000100,0,0,0,1,0,[0|0]
105000105,Firecracker _ slip-through slash -- 爆竹_すり抜け斬り,5000,105,1,0,0,0,5000105,0,0,0,1,0,[0|0]
105000110,Ignition_Flame Slash -- 発火_炎まとい斬り,5000,110,1,0,0,0,5000110,0,0,0,1,0,[0|0]
105000115,Ax _ front slash _ sword -- 斧_前宙斬り_刀,5000,115,1,0,0,0,5000115,0,0,0,1,0,[0|0]
105000120,Transformation_ground appearance attack -- 変わり身_地上出現攻撃,5000,120,1,0,0,0,5000120,0,0,0,1,0,[0|0]
105000121,Transformation_Aerial Appearance Attack -- 変わり身_空中出現攻撃,5000,121,1,0,0,0,5000121,0,0,0,1,0,[0|0]
105000130,Kodachi_Table 2nd stage_Right hand sword -- 小太刀_表2段目_右手刀,5000,130,1,0,0,0,5000130,0,0,0,1,0,[0|0]
105000131,Kodachi _ Table 4th _ Right hand sword -- 小太刀_表4段目_右手刀,5000,131,1,0,0,0,5000131,0,0,0,1,0,[0|0]
105000132,Kodachi _ Table 6th _ Right hand sword -- 小太刀_表6段目_右手刀,5000,132,1,0,0,0,5000132,0,0,0,1,0,[0|0]
105000133,Kodachi_back 1st stage_right hand sword -- 小太刀_裏1段目_右手刀,5000,133,1,0,0,0,5000133,0,0,0,1,0,[0|0]
105000134,Kodachi _ back 2nd stage _ right hand sword -- 小太刀_裏2段目_右手刀,5000,134,1,0,0,0,5000134,0,0,0,1,0,[0|0]
105000135,Kodachi _ back 3rd stage _ right hand sword -- 小太刀_裏3段目_右手刀,5000,135,1,0,0,0,5000135,0,0,0,1,0,[0|0]
105000136,Kodachi_back 4th stage_right hand sword -- 小太刀_裏4段目_右手刀,5000,136,1,0,0,0,5000136,0,0,0,1,0,[0|0]
105000137,Kodachi_back 5th stage_right hand sword -- 小太刀_裏5段目_右手刀,5000,137,1,0,0,0,5000137,0,0,0,1,0,[0|0]
105000138,Kodachi_back 6th stage_right hand sword -- 小太刀_裏6段目_右手刀,5000,138,1,0,0,0,5000138,0,0,0,1,0,[0|0]
105000140,Kodachi (Ruri) _Table 2nd stage_Right hand sword -- 小太刀（瑠璃）_表2段目_右手刀,5000,140,1,0,0,0,5000140,0,0,0,1,0,[0|0]
105000141,Kodachi (Ruri) _ Table 4th _ Right hand sword -- 小太刀（瑠璃）_表4段目_右手刀,5000,141,1,0,0,0,5000141,0,0,0,1,0,[0|0]
105000142,Kodachi (Ruri) _Table 6th row_Right hand sword -- 小太刀（瑠璃）_表6段目_右手刀,5000,142,1,0,0,0,5000142,0,0,0,1,0,[0|0]
105000143,Kodachi (Ruri) _back 1st stage_right hand sword -- 小太刀（瑠璃）_裏1段目_右手刀,5000,143,1,0,0,0,5000143,0,0,0,1,0,[0|0]
105000144,Kodachi (Ruri) _2nd back sword_Right hand sword -- 小太刀（瑠璃）_裏2段目_右手刀,5000,144,1,0,0,0,5000144,0,0,0,1,0,[0|0]
105000145,Kodachi (Ruri) _ 3rd back sword _ Right hand sword -- 小太刀（瑠璃）_裏3段目_右手刀,5000,145,1,0,0,0,5000145,0,0,0,1,0,[0|0]
105000146,Kodachi (Ruri) _ back 4th stage _ right hand sword -- 小太刀（瑠璃）_裏4段目_右手刀,5000,146,1,0,0,0,5000146,0,0,0,1,0,[0|0]
105000147,Kodachi (Ruri) _ 5th stage on the back _ Right hand sword -- 小太刀（瑠璃）_裏5段目_右手刀,5000,147,1,0,0,0,5000147,0,0,0,1,0,[0|0]
105000148,Kodachi (Ruri) _ 6th back sword _ Right hand sword -- 小太刀（瑠璃）_裏6段目_右手刀,5000,148,1,0,0,0,5000148,0,0,0,1,0,[0|0]
105000150,Kodachi _ front and back switching slash _ front and back left -- 小太刀_表裏切替斬り_前後左,5000,150,1,0,0,0,5000150,0,0,0,1,0,[0|0]
105000151,Kodachi _ front and back switching slash _ right -- 小太刀_表裏切替斬り_右,5000,151,1,0,0,0,5000151,0,0,0,1,0,[0|0]
105000160,Enemy turning _ Wind sword -- 敵回し_風まとい斬り,5000,160,1,0,0,0,5000160,0,0,0,1,0,[0|0]
105000165,Spear_Chasing Slash -- 槍_追いかけ斬り,5000,165,1,0,0,0,5000165,0,0,0,1,0,[0|0]
105000166,Spear_Pulling Slash -- 槍_引き寄せ斬り,5000,166,1,0,0,0,5000166,0,0,0,1,0,[0|0]
105000170,Finger whistle_sound feed slash -- 指笛_音送り斬り,5000,170,1,0,0,0,5000170,0,0,0,1,0,[0|0]
105000180,Right Hand Sword_Red Blood Enchantment Additional Attack -- 右手刀_赤血エンチャント追加攻撃,5000,180,1,0,0,0,5000180,0,0,0,1,0,[0|0]
105000181,Right-handed sword_poison blood enchantment additional attack -- 右手刀_毒血エンチャント追加攻撃,5000,181,1,0,0,0,5000181,0,0,0,1,0,[0|0]
105000182,Right-handed sword_white blood enchantment additional attack -- 右手刀_白血エンチャント追加攻撃,5000,182,1,0,0,0,5000182,0,0,0,1,0,[0|0]
105000183,Right-handed sword_Weak thunder enchantment additional attack -- 右手刀_弱雷エンチャント追加攻撃,5000,183,1,0,0,0,5000183,0,0,0,1,0,[0|0]
105000184,Right-handed sword_strong thunder enchantment additional bullet -- 右手刀_強雷エンチャント追加弾丸,5000,184,1,1,0,0,500184,0,0,0,1,0,[0|0]
105000185,Right-handed sword_Orange-style enchantment additional attack -- 右手刀_橙風エンチャント追加攻撃,5000,185,1,0,0,0,5000185,0,0,0,1,0,[0|0]
105000186,Right-handed sword_Kinfu enchantment additional attack -- 右手刀_金風エンチャント追加攻撃,5000,186,1,0,0,0,5000186,0,0,0,1,0,[0|0]
105000190,Right hand sword_red blood enchantment additional bullet (thrust) -- 右手刀_赤血エンチャント追加弾丸（突き）,5000,190,1,1,0,0,500190,0,0,0,1,0,[0|0]
105000191,Right hand sword_poison blood enchantment additional bullet (thrust) -- 右手刀_毒血エンチャント追加弾丸（突き）,5000,191,1,1,0,0,500191,0,0,0,1,0,[0|0]
105000192,Right hand sword_white blood enchantment additional bullet (thrust) -- 右手刀_白血エンチャント追加弾丸（突き）,5000,192,1,1,0,0,500192,0,0,0,1,0,[0|0]
105000193,Right-handed sword_Weak thunder enchantment additional bullet (thrust) -- 右手刀_弱雷エンチャント追加弾丸（突き）,5000,193,1,1,0,0,500193,0,0,0,1,0,[0|0]
105000280,Right hand sword _ thunder return _ weak thunder _ sword blade -- 右手刀_雷返し_弱雷_刀身,5000,280,1,0,0,0,5000280,0,0,0,1,0,[0|0]
105000281,Right hand sword _ thunder return _ weak thunder _ thunder -- 右手刀_雷返し_弱雷_雷,5000,281,1,0,0,0,5000281,0,0,0,1,0,[0|0]
105000290,Right-handed sword_anti-spirit force -- 右手刀_対霊フォース,5000,290,0,1,0,0,290,0,0,0,0,0,[0|0]
105000295,Right Hand Sword_Crisis Force -- 右手刀_恐慌フォース,5000,295,0,1,0,0,295,0,0,0,0,0,[0|0]
105000300,Right-handed sword_Ninjato body_Ninjutsu Ninjutsu_Blood smoke_Normal_Red blood_Dazzle -- 右手刀_忍殺本体_忍殺忍術_血煙_通常_赤血_目くらまし,5000,300,1,1,0,0,300,0,0,0,0,0,[0|0]
105000301,Right hand sword _ Ninja body _ Ninjutsu ninjutsu _ Blood smoke _ Normal _ Red blood _ Hidden -- 右手刀_忍殺本体_忍殺忍術_血煙_通常_赤血_姿隠し,5000,301,1,1,0,0,301,0,0,0,0,0,[0|0]
105000360,Right hand sword _ Ninja body _ Ninjutsu ninjutsu _ Blood smoke _ Radiation _ Red blood _ Dazzle -- 右手刀_忍殺本体_忍殺忍術_血煙_放射_赤血_目くらまし,5000,360,1,1,0,0,360,0,0,0,0,0,[0|0]
105000361,Right-handed sword_Ninjato body_Ninjutsu Ninjutsu_Blood smoke_Radiation_Red blood_Hidden -- 右手刀_忍殺本体_忍殺忍術_血煙_放射_赤血_姿隠し,5000,361,1,1,0,0,361,0,0,0,0,0,[0|0]
105000370,Right hand sword _ Ninja body _ Ninjutsu ninjutsu _ Blood smoke _ Radiation _ Poison blood _ Dazzle -- 右手刀_忍殺本体_忍殺忍術_血煙_放射_毒血_目くらまし,5000,370,1,1,0,0,375,0,0,0,0,0,[0|0]
105000371,Right hand sword _ Ninja body _ Ninjutsu ninjutsu _ Blood smoke _ Radiation _ Poison blood _ Hidden -- 右手刀_忍殺本体_忍殺忍術_血煙_放射_毒血_姿隠し,5000,371,1,1,0,0,376,0,0,0,0,0,[0|0]
105000380,Right-handed sword_Ninjato body_Ninjutsu Ninjutsu_Blood smoke_Radiation_White blood_Dazzle -- 右手刀_忍殺本体_忍殺忍術_血煙_放射_白血_目くらまし,5000,380,1,1,0,0,390,0,0,0,0,0,[0|0]
105000381,Right-handed sword_Ninjato body_Ninjutsu Ninjutsu_Blood smoke_Radiation_White blood_Hidden -- 右手刀_忍殺本体_忍殺忍術_血煙_放射_白血_姿隠し,5000,381,1,1,0,0,391,0,0,0,0,0,[0|0]
105000400,Right-handed sword_Ninjato body_Ninjato Ninjutsu_Puppet_Default -- 右手刀_忍殺本体_忍殺忍術_傀儡_デフォルト,5000,400,1,0,0,0,400,0,0,0,0,0,[0|0]
105000410,Right-handed sword_Ninjato body_Ninjato Ninjutsu_Puppet_Infinite duration -- 右手刀_忍殺本体_忍殺忍術_傀儡_効果時間無限,5000,410,1,0,0,0,410,0,0,0,0,0,[0|0]
105000500,Right hand sword _ Ninja body _ Ninjutsu ninjutsu _ Grant _ Normal _ Red blood -- 右手刀_忍殺本体_忍殺忍術_付与_通常_赤血,5000,500,1,2,0,0,106040,0,0,0,0,0,[0|0]
105000510,Right hand sword _ Ninja body _ Ninjutsu ninjutsu _ Grant _ Normal _ Poison blood -- 右手刀_忍殺本体_忍殺忍術_付与_通常_毒血,5000,510,1,2,0,0,106050,0,0,0,0,0,[0|0]
105000520,Right hand sword _ Ninja body _ Ninjutsu ninjutsu _ Grant _ Normal _ White blood -- 右手刀_忍殺本体_忍殺忍術_付与_通常_白血,5000,520,1,2,0,0,106060,0,0,0,0,0,[0|0]
105000600,Right-handed sword_Ninjato body_Crush -- 右手刀_忍殺本体_崩し,5000,600,1,0,0,0,5000600,0,0,0,1,0,[0|0]
105000610,Right hand sword_Ninjato body_Play -- 右手刀_忍殺本体_弾き,5000,610,1,0,0,0,5000610,0,0,0,1,0,[0|0]
105000620,Right hand sword _ Ninjato body _ Closeout -- 右手刀_忍殺本体_見切り,5000,620,1,0,0,0,5000620,0,0,0,1,0,[0|0]
105000640,Right hand sword _ Ninja body _ Behind -- 右手刀_忍殺本体_背後,5000,640,1,0,0,0,5000640,0,0,0,1,0,[0|0]
105000650,Right hand sword_Ninjato body_Crouching behind -- 右手刀_忍殺本体_しゃがみ背後,5000,650,1,0,0,0,5000650,0,0,0,1,0,[0|0]
105000660,Right hand sword _ Ninja body _ Fall -- 右手刀_忍殺本体_落下,5000,660,1,0,0,0,5000660,0,0,0,1,0,[0|0]
105000661,Right hand sword _ Ninjato body _ Fall _ Fire cow only -- 右手刀_忍殺本体_落下_火牛専用,5000,661,1,0,0,0,5000661,0,0,0,1,0,[0|0]
105000680,Right hand sword _ Ninja body _ Wire -- 右手刀_忍殺本体_ワイヤー,5000,680,1,0,0,0,5000680,0,0,0,1,0,[0|0]
105000690,Right hand sword _ Ninja body _ Anti-aircraft -- 右手刀_忍殺本体_対空,5000,690,1,0,0,0,5000690,0,0,0,1,0,[0|0]
105000700,Right hand sword _ Ninja body _ Left and right with wall -- 右手刀_忍殺本体_壁張り付き左右,5000,700,1,0,0,0,5000700,0,0,0,1,0,[0|0]
105000720,Right hand sword _ Ninja body _ Before and after hanging -- 右手刀_忍殺本体_ぶら下がり前後,5000,720,1,0,0,0,5000720,0,0,0,1,0,[0|0]
105000790,Right-handed sword_Ninjato body_Dummy attack that causes the enemy to send Kanji SFX_Blood smoke -- 右手刀_忍殺本体_漢字SFXを敵に出させるダミー攻撃_血煙,5000,790,1,0,0,0,5000790,0,0,0,1,0,[0|0]
105000791,Right-handed sword_Ninjato body_Dummy attack that causes the enemy to send Kanji SFX_Puppet -- 右手刀_忍殺本体_漢字SFXを敵に出させるダミー攻撃_傀儡,5000,791,1,0,0,0,5000791,0,0,0,1,0,[0|0]
105000792,Right-handed sword_Ninjato body_Dummy attack that causes the enemy to send Kanji SFX_Grant -- 右手刀_忍殺本体_漢字SFXを敵に出させるダミー攻撃_付与,5000,792,1,0,0,0,5000792,0,0,0,1,0,[0|0]
105000800,Right hand sword _ Ninja body _ Stop -- 右手刀_忍殺本体_とどめ,5000,800,1,0,0,0,5000800,0,0,0,1,0,[0|0]
105000899,Right-handed sword_Ninjato body_Aging Ninjato_Abnormal condition recovery bullet -- 右手刀_忍殺本体_老化忍殺_状態異常回復弾丸,5000,899,1,1,0,0,3241,0,0,0,0,0,[0|0]
105000990,Shinobi shock _ short distance _ on the spot -- 忍殺衝撃_近距離_その場,5000,990,0,0,0,0,840,0,0,0,5,0,[0|0]
105000991,Shinobi shock _ short distance _ jump away -- 忍殺衝撃_近距離_飛び退き,5000,991,0,0,0,0,841,0,0,0,5,0,[0|0]
105000992,Shinobi shock _ long distance _ on the spot -- 忍殺衝撃_遠距離_その場,5000,992,0,0,0,0,842,0,0,0,5,0,[0|0]
105000993,Shinobi shock _ long distance _ jump away -- 忍殺衝撃_遠距離_飛び退き,5000,993,0,0,0,0,843,0,0,0,5,0,[0|0]
105000994,Resurrection Technique_Boss Sensing Dummy Attack -- 復活の術_ボス感知ダミー攻撃,5000,994,0,0,0,0,844,0,0,0,5,0,[0|0]
105000910,Piece of porcelain -- 陶片,5000,910,0,1,0,0,3490,0,0,0,9,0,[0|0]
105000911,Pottery piece _ hanging -- 陶片_ぶら下がり,5000,911,0,1,0,0,3495,0,0,0,9,0,[0|0]
105000912,Pottery piece _ peek left -- 陶片_覗き込み左,5000,912,0,1,0,0,3500,0,0,0,9,0,[0|0]
105000913,Pottery piece _ peep right -- 陶片_覗き込み右,5000,913,0,1,0,0,3505,0,0,0,9,0,[0|0]
105001200,School Technique_Rotating Slash 1-1 -- 流派技_回転斬り1-1,5001,200,1,0,0,0,5001200,0,0,0,1,0,[0|0]
105001201,School Technique_Rotating Slash 1-2 -- 流派技_回転斬り1-2,5001,201,1,0,0,0,5001201,0,0,0,1,0,[0|0]
105002200,School Technique_Dive Slash 1 -- 流派技_飛び込み斬り1,5002,200,1,0,0,0,5002200,0,0,0,1,0,[0|0]
105002201,School Technique_Dive Slash 2 -- 流派技_飛び込み斬り2,5002,201,1,0,0,0,5002201,0,0,0,1,0,[0|0]
105003200,School technique_face-up 1_reservoir -- 流派技_面打ち1_溜め,5003,200,1,0,0,0,5003200,0,0,0,1,0,[0|0]
105003201,School technique_face-up 1 -- 流派技_面打ち1,5003,201,1,0,0,0,5003201,0,0,0,1,0,[0|0]
105003210,School Technique_Face 2 -- 流派技_面打ち2,5003,210,1,0,0,0,5003210,0,0,0,1,0,[0|0]
105004200,School technique _ Kensei Iai _ Reservoir -- 流派技_剣聖居合_溜め,5004,200,1,0,1,0,5004200,0,0,0,1,0,[0|0]
105004201,School technique _ Kensei Iai _ Reservoir _ No form fee -- 流派技_剣聖居合_溜め_形代なし,5004,201,1,0,0,0,5004201,0,0,0,1,0,[0|0]
105004210,School Technique_Sword Holy Iai_Reserved Bullet 1 -- 流派技_剣聖居合_溜め弾丸1,5004,210,1,1,0,0,500410,0,0,0,9,0,[0|0]
105004215,School Technique_Sword Holy Iai_Reserved Bullet 2 -- 流派技_剣聖居合_溜め弾丸2,5004,215,1,1,0,0,500415,0,0,0,9,0,[0|0]
105004220,School technique_Kensei Iai -- 流派技_剣聖居合,5004,220,1,0,1,0,5004220,0,0,0,1,0,[0|0]
105004221,School technique_Sword sacred Iai_No form -- 流派技_剣聖居合_形代なし,5004,221,1,0,0,0,5004221,0,0,0,1,0,[0|0]
105004230,School technique_Sword sacred Iai_Bullet -- 流派技_剣聖居合_弾丸,5004,230,1,1,0,0,500430,0,0,0,9,0,[0|0]
105005200,School technique_Iai 1 -- 流派技_居合1,5005,200,1,0,1,0,5005200,0,0,0,1,0,[0|0]
105005201,School technique_Iai 2 -- 流派技_居合2,5005,201,1,0,0,0,5005201,0,0,0,1,0,[0|0]
105005202,School technique_Iai 1_No form fee -- 流派技_居合1_形代なし,5005,202,1,0,0,0,5005202,0,0,0,1,0,[0|0]
105005203,School technique_Iai 2_No form fee -- 流派技_居合2_形代なし,5005,203,1,0,0,0,5005203,0,0,0,1,0,[0|0]
105005210,School technique_Invisible Iai continuous attack 1 -- 流派技_見えない居合連撃1,5005,210,1,1,1,0,500510,0,0,0,1,0,[0|0]
105005211,School Technique_Invisible Iai Strike 1_Red Blood Enchantment Additional Attack -- 流派技_見えない居合連撃1_赤血エンチャント追加攻撃,5005,211,1,1,0,0,500511,0,0,0,1,0,[0|0]
105005212,School Technique_Invisible Iai Strike 1_Poison Blood Enchantment Additional Attack -- 流派技_見えない居合連撃1_毒血エンチャント追加攻撃,5005,212,1,1,0,0,500512,0,0,0,1,0,[0|0]
105005213,School Technique_Invisible Iai Strike 1_ White Blood Enchantment Additional Attack -- 流派技_見えない居合連撃1_白血エンチャント追加攻撃,5005,213,1,1,0,0,500513,0,0,0,1,0,[0|0]
105005214,School technique_Invisible Iai continuous attack 1_Orange wind enchantment additional attack -- 流派技_見えない居合連撃1_橙風エンチャント追加攻撃,5005,214,1,1,0,0,500514,0,0,0,1,0,[0|0]
105005215,School technique_Invisible Iai continuous attack 1_Kinfu enchantment additional attack -- 流派技_見えない居合連撃1_金風エンチャント追加攻撃,5005,215,1,1,0,0,500515,0,0,0,1,0,[0|0]
105005216,School technique_Invisible Iai continuous attack 1_No form -- 流派技_見えない居合連撃1_形代なし,5005,216,1,1,0,0,500516,0,0,0,1,0,[0|0]
105005220,School technique_Invisible Iai continuous attack_Delayed continuous attack 1 -- 流派技_見えない居合連撃_遅延連撃1,5005,220,1,1,0,0,500520,0,0,0,9,0,[0|0]
105005221,School technique_Invisible Iai continuous attack_Delayed continuous attack 2 -- 流派技_見えない居合連撃_遅延連撃2,5005,221,1,1,0,0,500521,0,0,0,9,0,[0|0]
105005222,School technique_Invisible Iai continuous attack_Delayed continuous attack 3 -- 流派技_見えない居合連撃_遅延連撃3,5005,222,1,1,0,0,500522,0,0,0,9,0,[0|0]
105005223,School technique_Invisible Iai continuous attack_Delayed continuous attack 4 -- 流派技_見えない居合連撃_遅延連撃4,5005,223,1,1,0,0,500523,0,0,0,9,0,[0|0]
105005230,School technique_Invisible Iai continuous attack_Delayed continuous attack SFX -- 流派技_見えない居合連撃_遅延連撃SFX,5005,230,1,1,0,0,500530,0,0,0,9,0,[0|0]
105005240,School technique_Invisible Iai continuous attack 2 -- 流派技_見えない居合連撃2,5005,240,1,1,0,0,500540,0,0,0,1,0,[0|0]
105005241,School Technique_Invisible Iai Strike 2_Red Blood Enchantment Additional Attack -- 流派技_見えない居合連撃2_赤血エンチャント追加攻撃,5005,241,1,1,0,0,500541,0,0,0,1,0,[0|0]
105005242,School Technique_Invisible Iai Strike 2_Poison Blood Enchantment Additional Attack -- 流派技_見えない居合連撃2_毒血エンチャント追加攻撃,5005,242,1,1,0,0,500542,0,0,0,1,0,[0|0]
105005243,School technique_Invisible Iai continuous attack 2_White blood enchantment additional attack -- 流派技_見えない居合連撃2_白血エンチャント追加攻撃,5005,243,1,1,0,0,500543,0,0,0,1,0,[0|0]
105005244,School technique_Invisible Iai continuous attack 2_Orange wind enchantment additional attack -- 流派技_見えない居合連撃2_橙風エンチャント追加攻撃,5005,244,1,1,0,0,500544,0,0,0,1,0,[0|0]
105005245,School technique_Invisible Iai continuous attack 2_Kinfu enchantment additional attack -- 流派技_見えない居合連撃2_金風エンチャント追加攻撃,5005,245,1,1,0,0,500545,0,0,0,1,0,[0|0]
105005246,School technique_Invisible Iai continuous attack 2_No form -- 流派技_見えない居合連撃2_形代なし,5005,246,1,1,0,0,500546,0,0,0,1,0,[0|0]
105007200,School Technique_Immortal Slash 1_Reservoir -- 流派技_不死斬り1_溜め,5007,200,1,0,0,0,5007200,0,0,0,9,0,[0|0]
105007201,School Technique_Immortal Slash 1 -- 流派技_不死斬り1,5007,201,1,0,0,0,5007201,0,0,0,9,0,[0|0]
105007210,School Technique_Immortal Slash 2_Reservoir -- 流派技_不死斬り2_溜め,5007,210,1,0,0,0,5007210,0,0,0,9,0,[0|0]
105007211,School Technique_Immortal Slash 2 -- 流派技_不死斬り2,5007,211,1,0,0,0,5007211,0,0,0,9,0,[0|0]
105007220,School technique_Immortal slash 1_Reservoir_There is a form fee -- 流派技_不死斬り1_溜め_形代あり,5007,220,1,0,0,0,5007220,0,0,0,9,0,[0|0]
105007221,School technique_Immortal slash 1_There is a form fee -- 流派技_不死斬り1_形代あり,5007,221,1,0,0,0,5007221,0,0,0,9,0,[0|0]
105007230,School technique_Immortal slash 2_Reservoir_There is a form fee -- 流派技_不死斬り2_溜め_形代あり,5007,230,1,0,0,0,5007230,0,0,0,9,0,[0|0]
105007231,School technique_Immortal slash 2_There is a form fee -- 流派技_不死斬り2_形代あり,5007,231,1,0,0,0,5007231,0,0,0,9,0,[0|0]
105007999,School technique_immortal slashing_form consumption dummy -- 流派技_不死斬り_形代消費ダミー,5007,999,1,1,1,0,999,0,0,0,9,0,[0|0]
105008200,School Technique_Kick Rush 1-1 -- 流派技_蹴りラッシュ1-1,5008,200,1,0,0,0,5008200,0,0,0,9,0,[0|0]
105008201,School Technique_Kick Rush 1-2 -- 流派技_蹴りラッシュ1-2,5008,201,1,0,0,0,5008201,0,0,0,9,0,[0|0]
105008210,School Technique_Kick Rush 2-1 -- 流派技_蹴りラッシュ2-1,5008,210,1,0,0,0,5008210,0,0,0,9,0,[0|0]
105008211,School Technique_Kick Rush 2-2 -- 流派技_蹴りラッシュ2-2,5008,211,1,0,0,0,5008211,0,0,0,9,0,[0|0]
105008220,School Technique_Kick Rush 3-1 -- 流派技_蹴りラッシュ3-1,5008,220,1,0,0,0,5008220,0,0,0,1,0,[0|0]
105008221,School Technique_Kick Rush 3-2 -- 流派技_蹴りラッシュ3-2,5008,221,1,0,0,0,5008221,0,0,0,1,0,[0|0]
105008230,School Technique_Kick Rush 4 -- 流派技_蹴りラッシュ4,5008,230,1,0,0,0,5008230,0,0,0,9,0,[0|0]
105009200,School Technique_Fist Attack 1_Accumulation -- 流派技_拳撃1_溜め,5009,200,1,0,0,0,5009200,0,0,0,9,0,[0|0]
105009201,School Technique_Fist Attack 1 -- 流派技_拳撃1,5009,201,1,0,0,0,5009201,0,0,0,9,0,[0|0]
105009210,School Technique_Fist Attack 2 -- 流派技_拳撃2,5009,210,1,0,0,0,5009210,0,0,0,9,0,[0|0]
105009220,School Technique_Fist Attack 3 -- 流派技_拳撃3,5009,220,1,0,0,0,5009220,0,0,0,9,0,[0|0]
105009251,School Technique_Fist Attack 1_Aerial -- 流派技_拳撃1_空中,5009,251,1,0,0,0,5009251,0,0,0,9,0,[0|0]
105010200,School technique _ sneak stab _ reservoir -- 流派技_忍び刺し_溜め,5010,200,1,0,0,0,5010200,0,0,0,1,0,[0|0]
105010210,School technique_Sneak stab -- 流派技_忍び刺し,5010,210,1,0,0,0,5010210,0,0,0,1,0,[0|0]
105010215,School technique_Sneak stab_Kick up after hit -- 流派技_忍び刺し_ヒット後蹴上がり,5010,215,1,0,1,0,5010215,0,0,0,9,0,[0|0]
105010220,School technique_Sneak stab_After kicking up- aerial rotation slash 1 -- 流派技_忍び刺し_蹴上がり後空中回転斬り1,5010,220,1,0,0,0,5010220,0,0,0,1,0,[0|0]
105010221,School technique_Sneak stab_After kicking up- aerial rotation slash 2 -- 流派技_忍び刺し_蹴上がり後空中回転斬り2,5010,221,1,0,0,0,5010221,0,0,0,1,0,[0|0]
105020200,School Technique_Hachiman Flying Rush 1 -- 流派技_八艘飛びラッシュ1,5020,200,1,0,0,0,5020200,0,0,0,1,0,[0|0]
105020201,School Technique_Hachiman Flying Rush 2 -- 流派技_八艘飛びラッシュ2,5020,201,1,0,0,0,5020201,0,0,0,1,0,[0|0]
105020202,School Technique_Hachiman Flying Rush 3 -- 流派技_八艘飛びラッシュ3,5020,202,1,0,0,0,5020202,0,0,0,1,0,[0|0]
105020203,School Technique_Hachiman Flying Rush 4 -- 流派技_八艘飛びラッシュ4,5020,203,1,0,0,0,5020203,0,0,0,1,0,[0|0]
105020209,School Technique_Hachiman Flying Rush 5F -- 流派技_八艘飛びラッシュ5F,5020,209,1,0,0,0,5020209,0,0,0,1,0,[0|0]
105021200,School Technique_Hachiman Flying Rush 1 -- 流派技_八艘飛びラッシュ1,5021,200,1,0,0,0,5021200,0,0,0,1,0,[0|0]
105021201,School Technique_Hachiman Flying Rush 2 -- 流派技_八艘飛びラッシュ2,5021,201,1,0,0,0,5021201,0,0,0,1,0,[0|0]
105021202,School Technique_Hachiman Flying Rush 3 -- 流派技_八艘飛びラッシュ3,5021,202,1,0,0,0,5021202,0,0,0,1,0,[0|0]
105021203,School Technique_Hachiman Flying Rush 4 -- 流派技_八艘飛びラッシュ4,5021,203,1,0,0,0,5021203,0,0,0,1,0,[0|0]
105021204,School Technique_Hachiman Flying Rush 5 -- 流派技_八艘飛びラッシュ5,5021,204,1,0,0,0,5021204,0,0,0,1,0,[0|0]
105021205,School Technique_Hachiman Flying Rush 6 -- 流派技_八艘飛びラッシュ6,5021,205,1,0,0,0,5021205,0,0,0,1,0,[0|0]
105021206,School Technique_Hachiman Flying Rush 7 -- 流派技_八艘飛びラッシュ7,5021,206,1,0,0,0,5021206,0,0,0,1,0,[0|0]
105021207,School Technique_Hachiman Flying Rush 8 -- 流派技_八艘飛びラッシュ8,5021,207,1,0,0,0,5021207,0,0,0,1,0,[0|0]
105021208,School Technique_Hachiman Flying Rush 9F -- 流派技_八艘飛びラッシュ9F,5021,208,1,0,0,0,5021208,0,0,0,1,0,[0|0]
105021220,School technique_Hachiman flying rush 1_There is a form fee -- 流派技_八艘飛びラッシュ1_形代あり,5021,220,1,0,0,0,5021220,0,0,0,9,0,[0|0]
105021221,School technique_Hachimanbuki Rush 2_There is a form fee -- 流派技_八艘飛びラッシュ2_形代あり,5021,221,1,0,0,0,5021221,0,0,0,9,0,[0|0]
105021222,School technique_Hachiman flying rush 3_There is a form fee -- 流派技_八艘飛びラッシュ3_形代あり,5021,222,1,0,0,0,5021222,0,0,0,9,0,[0|0]
105021223,School technique_Hachiman flying rush 4_There is a form fee -- 流派技_八艘飛びラッシュ4_形代あり,5021,223,1,0,0,0,5021223,0,0,0,9,0,[0|0]
105021224,School technique_Hachiman flying rush 5_There is a form fee -- 流派技_八艘飛びラッシュ5_形代あり,5021,224,1,0,0,0,5021224,0,0,0,9,0,[0|0]
105021225,School technique_Hachimanbuki Rush 6_There is a form fee -- 流派技_八艘飛びラッシュ6_形代あり,5021,225,1,0,0,0,5021225,0,0,0,9,0,[0|0]
105021226,School technique_Hachiman flying rush 7_There is a form fee -- 流派技_八艘飛びラッシュ7_形代あり,5021,226,1,0,0,0,5021226,0,0,0,9,0,[0|0]
105021227,School technique_Hachiman flying rush 8_There is a form fee -- 流派技_八艘飛びラッシュ8_形代あり,5021,227,1,0,0,0,5021227,0,0,0,9,0,[0|0]
105021228,School technique_Hachiman Flying Rush 9F_There is a form fee -- 流派技_八艘飛びラッシュ9F_形代あり,5021,228,1,0,0,0,5021228,0,0,0,9,0,[0|0]
105021229,School technique_Hachiman Flying Rush 3F_There is a form fee -- 流派技_八艘飛びラッシュ3F_形代あり,5021,229,1,0,0,0,5021229,0,0,0,9,0,[0|0]
105021999,School Technique_Hachiman Flying Rush_Shape Consumption Dummy -- 流派技_八艘飛びラッシュ_形代消費ダミー,5021,999,1,1,1,0,999,0,0,0,9,0,[0|0]
105030200,School technique_new technique 1 -- 流派技_新技1,5030,200,1,0,1,0,5030200,0,0,0,1,0,[0|0]
105030201,School technique_new technique 2 -- 流派技_新技2,5030,201,1,0,0,0,5030201,0,0,0,1,0,[0|0]
105030202,School technique_new technique 3 -- 流派技_新技3,5030,202,1,0,0,0,5030202,0,0,0,1,0,[0|0]
105030205,School technique_new technique 1_no form fee -- 流派技_新技1_形代なし,5030,205,1,0,0,0,5030205,0,0,0,1,0,[0|0]
105030206,School technique_new technique 2_no form fee -- 流派技_新技2_形代なし,5030,206,1,0,0,0,5030206,0,0,0,1,0,[0|0]
105030207,School technique_new technique 3_no form fee -- 流派技_新技3_形代なし,5030,207,1,0,0,0,5030207,0,0,0,1,0,[0|0]
105030210,School technique_new technique 1_SFX -- 流派技_新技1_SFX,5030,210,1,1,0,0,503010,0,0,0,9,0,[0|0]
105030211,School technique_new technique 2_SFX -- 流派技_新技2_SFX,5030,211,1,1,0,0,503011,0,0,0,9,0,[0|0]
105030212,School technique_new technique 3_SFX -- 流派技_新技3_SFX,5030,212,1,1,0,0,503012,0,0,0,9,0,[0|0]
105030215,School technique_new technique 1_SFX_no form fee -- 流派技_新技1_SFX_形代なし,5030,215,1,1,0,0,503015,0,0,0,9,0,[0|0]
105030216,School technique_new technique 2_SFX_no form fee -- 流派技_新技2_SFX_形代なし,5030,216,1,1,0,0,503016,0,0,0,9,0,[0|0]
105030217,School technique_new technique 3_SFX_no form fee -- 流派技_新技3_SFX_形代なし,5030,217,1,1,0,0,503017,0,0,0,9,0,[0|0]
105030220,School Technique_New Technique 1_SFX_Flame Encha -- 流派技_新技1_SFX_炎エンチャ,5030,220,1,1,0,0,503020,0,0,0,9,0,[0|0]
105030221,School Technique_New Technique 2_SFX_Flame Encha -- 流派技_新技2_SFX_炎エンチャ,5030,221,1,1,0,0,503021,0,0,0,9,0,[0|0]
105030222,School Technique_New Technique 3_SFX_Flame Encha -- 流派技_新技3_SFX_炎エンチャ,5030,222,1,1,0,0,503022,0,0,0,9,0,[0|0]
105030225,School Technique_New Technique 1_SFX_Rei Encha -- 流派技_新技1_SFX_霊エンチャ,5030,225,1,1,0,0,503025,0,0,0,9,0,[0|0]
105030226,School Technique_New Technique 2_SFX_Rei Encha -- 流派技_新技2_SFX_霊エンチャ,5030,226,1,1,0,0,503026,0,0,0,9,0,[0|0]
105030227,School technique_new technique 3_SFX_spirit enchantment -- 流派技_新技3_SFX_霊エンチャ,5030,227,1,1,0,0,503027,0,0,0,9,0,[0|0]
105030230,School Technique_New Technique 1_SFX_Orange Wind Encha -- 流派技_新技1_SFX_橙風エンチャ,5030,230,1,1,0,0,503030,0,0,0,9,0,[0|0]
105030231,School Technique_New Technique 2_SFX_Orange Wind Encha -- 流派技_新技2_SFX_橙風エンチャ,5030,231,1,1,0,0,503031,0,0,0,9,0,[0|0]
105030232,School Technique_New Technique 3_SFX_Orange Wind Encha -- 流派技_新技3_SFX_橙風エンチャ,5030,232,1,1,0,0,503032,0,0,0,9,0,[0|0]
105030235,School Technique_New Technique 1_SFX_Kinfu Encha -- 流派技_新技1_SFX_金風エンチャ,5030,235,1,1,0,0,503035,0,0,0,9,0,[0|0]
105030236,School Technique_New Technique 2_SFX_Kinfu Encha -- 流派技_新技2_SFX_金風エンチャ,5030,236,1,1,0,0,503036,0,0,0,9,0,[0|0]
105030237,School Technique_New Technique 3_SFX_Kinfu Encha -- 流派技_新技3_SFX_金風エンチャ,5030,237,1,1,0,0,503037,0,0,0,9,0,[0|0]
105030240,School Technique_New Technique 1_SFX_Red Blood Encha -- 流派技_新技1_SFX_赤血エンチャ,5030,240,1,1,0,0,503040,0,0,0,9,0,[0|0]
105030241,School Technique_New Technique 2_SFX_Red Blood Encha -- 流派技_新技2_SFX_赤血エンチャ,5030,241,1,1,0,0,503041,0,0,0,9,0,[0|0]
105030242,School Technique_New Technique 3_SFX_Red Blood Encha -- 流派技_新技3_SFX_赤血エンチャ,5030,242,1,1,0,0,503042,0,0,0,9,0,[0|0]
105030245,School Technique_New Technique 1_SFX_Poisonous Blood Encha -- 流派技_新技1_SFX_毒血エンチャ,5030,245,1,1,0,0,503045,0,0,0,9,0,[0|0]
105030246,School Technique_New Technique 2_SFX_Poisonous Blood Encha -- 流派技_新技2_SFX_毒血エンチャ,5030,246,1,1,0,0,503046,0,0,0,9,0,[0|0]
105030247,School Technique_New Technique 3_SFX_Poisonous Blood Encha -- 流派技_新技3_SFX_毒血エンチャ,5030,247,1,1,0,0,503047,0,0,0,9,0,[0|0]
105030250,School Technique_New Technique 1_SFX_White Blood Encha -- 流派技_新技1_SFX_白血エンチャ,5030,250,1,1,0,0,503050,0,0,0,9,0,[0|0]
105030251,School Technique_New Technique 2_SFX_White Blood Encha -- 流派技_新技2_SFX_白血エンチャ,5030,251,1,1,0,0,503051,0,0,0,9,0,[0|0]
105030252,School Technique_New Technique 3_SFX_White Blood Encha -- 流派技_新技3_SFX_白血エンチャ,5030,252,1,1,0,0,503052,0,0,0,9,0,[0|0]
105030255,School Technique_New Technique 1_SFX_Thunder Encha -- 流派技_新技1_SFX_雷エンチャ,5030,255,1,1,0,0,503055,0,0,0,9,0,[0|0]
105030256,School Technique_New Technique 2_SFX_Thunder Encha -- 流派技_新技2_SFX_雷エンチャ,5030,256,1,1,0,0,503056,0,0,0,9,0,[0|0]
105030257,School Technique_New Technique 3_SFX_Thunder Encha -- 流派技_新技3_SFX_雷エンチャ,5030,257,1,1,0,0,503057,0,0,0,9,0,[0|0]
105030260,School technique_new technique 1_SFX_ petals -- 流派技_新技1_SFX_花弁,5030,260,1,1,0,0,503060,0,0,0,9,0,[0|0]
105030261,School technique_new technique 2_SFX_petals -- 流派技_新技2_SFX_花弁,5030,261,1,1,0,0,503061,0,0,0,9,0,[0|0]
105030262,School technique_new technique 3_SFX_petals -- 流派技_新技3_SFX_花弁,5030,262,1,1,0,0,503062,0,0,0,9,0,[0|0]
105030265,School Technique_New Technique 1_Thunder Enchantment Additional Attack -- 流派技_新技1_雷エンチャント追加攻撃,5030,265,1,0,0,0,5030210,0,0,0,1,0,[0|0]
105030266,School Technique_New Technique 2_Thunder Enchantment Additional Attack -- 流派技_新技2_雷エンチャント追加攻撃,5030,266,1,0,0,0,5030211,0,0,0,1,0,[0|0]
105030267,School Technique_New Technique 3_Thunder Enchantment Additional Attack -- 流派技_新技3_雷エンチャント追加攻撃,5030,267,1,0,0,0,5030212,0,0,0,1,0,[0|0]
107000100,Shuriken_Reservoir 1/3 throw -- 手裏剣_溜め1/3投目,7000,100,1,1,1,0,700000,0,0,0,2,0,[0|0]
107000110,Shuriken_2nd throw -- 手裏剣_溜め2投目,7000,110,1,1,1,0,700010,0,0,0,2,0,[0|0]
107000150,Shuriken_1 / 3rd throw -- 手裏剣_1/3投目,7000,150,1,1,1,0,700050,0,0,0,2,0,[0|0]
107000160,Shuriken_2 throws -- 手裏剣_2投目,7000,160,1,1,1,0,700060,0,0,0,2,0,[0|0]
107000184,Right-handed sword_strong thunder enchantment additional bullet -- 右手刀_強雷エンチャント追加弾丸,7000,184,1,1,0,0,500184,0,0,0,1,0,[0|0]
107000190,Right hand sword_red blood enchantment additional bullet (thrust) -- 右手刀_赤血エンチャント追加弾丸（突き）,7000,190,1,1,0,0,500190,0,0,0,1,0,[0|0]
107000191,Right hand sword_poison blood enchantment additional bullet (thrust) -- 右手刀_毒血エンチャント追加弾丸（突き）,7000,191,1,1,0,0,500191,0,0,0,1,0,[0|0]
107000192,Right hand sword_white blood enchantment additional bullet (thrust) -- 右手刀_白血エンチャント追加弾丸（突き）,7000,192,1,1,0,0,500192,0,0,0,1,0,[0|0]
107000193,Right-handed sword_Weak thunder enchantment additional bullet (thrust) -- 右手刀_弱雷エンチャント追加弾丸（突き）,7000,193,1,1,0,0,500193,0,0,0,1,0,[0|0]
107000195,Right-handed sword_Orange-style enchantment additional bullet (thrust) -- 右手刀_橙風エンチャント追加弾丸（突き）,7000,195,1,1,0,0,500195,0,0,0,1,0,[0|0]
107000196,Right hand sword_Kinfu enchantment additional bullet (thrust) -- 右手刀_金風エンチャント追加弾丸（突き）,7000,196,1,1,0,0,500196,0,0,0,1,0,[0|0]
107000290,Shuriken_Anti-spirit force -- 手裏剣_対霊フォース,7000,290,1,1,0,0,290,0,0,0,0,0,[0|0]
107000295,Shuriken_Crisis Force -- 手裏剣_恐慌フォース,7000,295,1,1,0,0,295,0,0,0,0,0,[0|0]
107002100,Shuriken LV3-A_ Reservoir 1/3 throw -- 手裏剣LV3-A_溜め1/3投目,7002,100,1,1,1,0,700200,0,0,0,2,0,[0|0]
107002110,Shuriken LV3-A_ 2nd throw -- 手裏剣LV3-A_溜め2投目,7002,110,1,1,1,0,700210,0,0,0,2,0,[0|0]
107002150,Shuriken LV3-A_1 / 3 throw -- 手裏剣LV3-A_1/3投目,7002,150,1,1,1,0,700250,0,0,0,2,0,[0|0]
107002160,Shuriken LV3-A_2 throw -- 手裏剣LV3-A_2投目,7002,160,1,1,1,0,700260,0,0,0,2,0,[0|0]
107003100,Shuriken LV3-B_ Reservoir 1/3 throw -- 手裏剣LV3-B_溜め1/3投目,7003,100,1,1,1,0,700300,0,0,0,2,0,[0|0]
107003110,Shuriken LV3-B_ 2nd throw -- 手裏剣LV3-B_溜め2投目,7003,110,1,1,1,0,700310,0,0,0,2,0,[0|0]
107003120,Shuriken LV3-B_ Reservoir Guided Bullet -- 手裏剣LV3-B_溜め誘導弾丸,7003,120,1,1,0,0,700320,0,0,0,2,0,[0|0]
107003150,Shuriken LV3-B_1 / 3 throw -- 手裏剣LV3-B_1/3投目,7003,150,1,1,1,0,700350,0,0,0,2,0,[0|0]
107003160,Shuriken LV3-B_2 throw -- 手裏剣LV3-B_2投目,7003,160,1,1,1,0,700360,0,0,0,2,0,[0|0]
107003170,Shuriken LV3-B_ Guided Bullet -- 手裏剣LV3-B_誘導弾丸,7003,170,1,1,0,0,700370,0,0,0,2,0,[0|0]
107004100,Shuriken LV3-C_ Reservoir 1/3 throw -- 手裏剣LV3-C_溜め1/3投目,7004,100,1,0,0,0,0,0,0,0,2,0,[0|0]
107004101,Shuriken LV3-C_Reservoir 1/3 Throw_LV0 -- 手裏剣LV3-C_溜め1/3投目_LV0,7004,101,1,0,1,0,0,0,0,0,2,0,[0|0]
107004102,Shuriken LV3-C_Reservoir 1/3 Throw_LV1 -- 手裏剣LV3-C_溜め1/3投目_LV1,7004,102,1,1,1,0,700401,0,0,0,2,0,[0|0]
107004103,Shuriken LV3-C_Reservoir 1/3 Throw_LV2 -- 手裏剣LV3-C_溜め1/3投目_LV2,7004,103,1,1,1,0,700402,0,0,0,2,0,[0|0]
107004104,Shuriken LV3-C_Reservoir 1/3 Throw_LV3 -- 手裏剣LV3-C_溜め1/3投目_LV3,7004,104,1,1,1,0,700403,0,0,0,2,0,[0|0]
107004110,Shuriken LV3-C_ 2nd throw -- 手裏剣LV3-C_溜め2投目,7004,110,1,0,0,0,0,0,0,0,2,0,[0|0]
107004111,Shuriken LV3-C_Reservoir 2nd throw_LV0 -- 手裏剣LV3-C_溜め2投目_LV0,7004,111,1,0,1,0,0,0,0,0,2,0,[0|0]
107004112,Shuriken LV3-C_2nd throw _LV1 -- 手裏剣LV3-C_溜め2投目_LV1,7004,112,1,1,1,0,700411,0,0,0,2,0,[0|0]
107004113,Shuriken LV3-C_2nd throw _LV2 -- 手裏剣LV3-C_溜め2投目_LV2,7004,113,1,1,1,0,700412,0,0,0,2,0,[0|0]
107004114,Shuriken LV3-C_2nd throw _LV3 -- 手裏剣LV3-C_溜め2投目_LV3,7004,114,1,1,1,0,700413,0,0,0,2,0,[0|0]
107004150,Shuriken LV3-C_1 / 3 -- 手裏剣LV3-C_1/3投目,7004,150,1,0,0,0,0,0,0,0,2,0,[0|0]
107004151,Shuriken LV3-C_1 / 3 Throw _LV0 -- 手裏剣LV3-C_1/3投目_LV0,7004,151,1,0,1,0,0,0,0,0,2,0,[0|0]
107004152,Shuriken LV3-C_1 / 3 Throw _LV1 -- 手裏剣LV3-C_1/3投目_LV1,7004,152,1,1,1,0,700451,0,0,0,2,0,[0|0]
107004153,Shuriken LV3-C_1 / 3 Throw _LV2 -- 手裏剣LV3-C_1/3投目_LV2,7004,153,1,1,1,0,700452,0,0,0,2,0,[0|0]
107004154,Shuriken LV3-C_1 / 3 Throw _LV3 -- 手裏剣LV3-C_1/3投目_LV3,7004,154,1,1,1,0,700453,0,0,0,2,0,[0|0]
107004160,Shuriken LV3-C_2 throw -- 手裏剣LV3-C_2投目,7004,160,1,0,0,0,0,0,0,0,2,0,[0|0]
107004161,Shuriken LV3-C_2 Throw _LV0 -- 手裏剣LV3-C_2投目_LV0,7004,161,1,0,1,0,0,0,0,0,2,0,[0|0]
107004162,Shuriken LV3-C_2 Throw _LV1 -- 手裏剣LV3-C_2投目_LV1,7004,162,1,1,1,0,700461,0,0,0,2,0,[0|0]
107004163,Shuriken LV3-C_2 Throw _LV2 -- 手裏剣LV3-C_2投目_LV2,7004,163,1,1,1,0,700462,0,0,0,2,0,[0|0]
107004164,Shuriken LV3-C_2 Throw _LV3 -- 手裏剣LV3-C_2投目_LV3,7004,164,1,1,1,0,700463,0,0,0,2,0,[0|0]
107005100,Shuriken LV4_ Reservoir 1/3 throw -- 手裏剣LV4_溜め1/3投目,7005,100,1,1,1,0,700500,0,0,0,2,0,[0|0]
107005110,Shuriken LV4_ 2nd throw -- 手裏剣LV4_溜め2投目,7005,110,1,1,1,0,700510,0,0,0,2,0,[0|0]
107005150,Shuriken LV4_1 / 3 throw -- 手裏剣LV4_1/3投目,7005,150,1,1,1,0,700550,0,0,0,2,0,[0|0]
107005160,Shuriken LV4_2 -- 手裏剣LV4_2投目,7005,160,1,1,1,0,700560,0,0,0,2,0,[0|0]
107100100,Firecracker_parent_reservoir -- 爆竹_親_溜め,7100,100,1,1,1,0,710000,0,0,0,2,0,[0|0]
107100110,Firecracker _ Parent _ Reservoir _ Anti-Special Attack Character -- 爆竹_親_溜め_対特攻キャラ,7100,110,1,1,0,0,710010,0,0,0,2,0,[0|0]
107100120,Firecracker_air_parent -- 爆竹_空中_親,7100,120,1,1,1,0,710020,0,0,0,2,0,[0|0]
107100130,Firecracker_Aerial_Parent_Vs. Special Attack Character -- 爆竹_空中_親_対特攻キャラ,7100,130,1,1,0,0,710030,0,0,0,2,0,[0|0]
107100150,Firecracker_parent -- 爆竹_親,7100,150,1,1,1,0,710050,0,0,0,2,0,[0|0]
107100160,Firecracker_parent_ vs. special attack character -- 爆竹_親_対特攻キャラ,7100,160,1,1,0,0,710060,0,0,0,2,0,[0|0]
107100184,Right-handed sword_strong thunder enchantment additional bullet -- 右手刀_強雷エンチャント追加弾丸,7100,184,1,1,0,0,500184,0,0,0,1,0,[0|0]
107100190,Right hand sword_red blood enchantment additional bullet (thrust) -- 右手刀_赤血エンチャント追加弾丸（突き）,7100,190,1,1,0,0,500190,0,0,0,1,0,[0|0]
107100191,Right hand sword_poison blood enchantment additional bullet (thrust) -- 右手刀_毒血エンチャント追加弾丸（突き）,7100,191,1,1,0,0,500191,0,0,0,1,0,[0|0]
107100192,Right hand sword_white blood enchantment additional bullet (thrust) -- 右手刀_白血エンチャント追加弾丸（突き）,7100,192,1,1,0,0,500192,0,0,0,1,0,[0|0]
107100193,Right-handed sword_Weak thunder enchantment additional bullet (thrust) -- 右手刀_弱雷エンチャント追加弾丸（突き）,7100,193,1,1,0,0,500193,0,0,0,1,0,[0|0]
107100195,Right-handed sword_Orange-style enchantment additional bullet (thrust) -- 右手刀_橙風エンチャント追加弾丸（突き）,7100,195,1,1,0,0,500195,0,0,0,1,0,[0|0]
107100196,Right hand sword_Kinfu enchantment additional bullet (thrust) -- 右手刀_金風エンチャント追加弾丸（突き）,7100,196,1,1,0,0,500196,0,0,0,1,0,[0|0]
107100290,Firecracker _ Anti-spirit force -- 爆竹_対霊フォース,7100,290,1,1,0,0,290,0,0,0,0,0,[0|0]
107100295,Firecracker _ Depression Force -- 爆竹_恐慌フォース,7100,295,1,1,0,0,295,0,0,0,0,0,[0|0]
107102100,Firecracker LV3-A_parent_reservoir -- 爆竹LV3-A_親_溜め,7102,100,1,1,1,0,710200,0,0,0,2,0,[0|0]
107102110,Firecracker LV3-A_Parent_Reservoir_Anti-Special Attack Character -- 爆竹LV3-A_親_溜め_対特攻キャラ,7102,110,1,1,0,0,710210,0,0,0,2,0,[0|0]
107102120,Firecracker LV3-A_Aerial_Parent -- 爆竹LV3-A_空中_親,7102,120,1,1,1,0,710220,0,0,0,2,0,[0|0]
107102130,Firecracker LV3-A_Aerial_Parent_Vs. Special Attack Character -- 爆竹LV3-A_空中_親_対特攻キャラ,7102,130,1,1,0,0,710230,0,0,0,2,0,[0|0]
107102150,Firecracker LV3-A_parent -- 爆竹LV3-A_親,7102,150,1,1,1,0,710250,0,0,0,2,0,[0|0]
107102160,Firecracker LV3-A_parent_ vs. special attack character -- 爆竹LV3-A_親_対特攻キャラ,7102,160,1,1,0,0,710260,0,0,0,2,0,[0|0]
107103100,Firecracker LV3-B_parent_reservoir -- 爆竹LV3-B_親_溜め,7103,100,1,1,1,0,710300,0,0,0,2,0,[0|0]
107103110,Firecracker LV3-B_Parent_Reservoir_Anti-Special Attack Character -- 爆竹LV3-B_親_溜め_対特攻キャラ,7103,110,1,1,0,0,710310,0,0,0,2,0,[0|0]
107103120,Firecracker LV3-B_Aerial_Parent -- 爆竹LV3-B_空中_親,7103,120,1,1,1,0,710320,0,0,0,2,0,[0|0]
107103130,Firecracker LV3-B_Aerial_Parent_Vs. Special Attack Character -- 爆竹LV3-B_空中_親_対特攻キャラ,7103,130,1,1,0,0,710330,0,0,0,2,0,[0|0]
107103150,Firecracker LV3-B_parent -- 爆竹LV3-B_親,7103,150,1,1,1,0,710350,0,0,0,2,0,[0|0]
107103160,Firecracker LV3-B_parent_ vs. special attack character -- 爆竹LV3-B_親_対特攻キャラ,7103,160,1,1,0,0,710360,0,0,0,2,0,[0|0]
107200100,Ignition_Pump shooting -- 発火_溜め撃ち,7200,100,1,1,1,0,720000,0,0,0,2,0,[0|0]
107200110,Ignition_normal shooting -- 発火_通常撃ち,7200,110,1,1,1,0,720010,0,0,0,2,0,[0|0]
107200120,Ignition_Aerial shooting -- 発火_空中撃ち,7200,120,1,1,1,0,720020,0,0,0,2,0,[0|0]
107200130,Ignition_flamethrower_start -- 発火_火炎放射_開始,7200,130,1,1,0,0,720030,0,0,0,2,0,[0|0]
107200131,Ignition_flamethrower_loop -- 発火_火炎放射_ループ,7200,131,1,1,0,0,720031,0,0,0,2,0,[0|0]
107200140,Ignition_Derived Attack Enchantment Dummy -- 発火_派生攻撃エンチャント用ダミー,7200,140,1,1,0,0,720040,0,0,0,2,0,[0|0]
107200184,Right-handed sword_strong thunder enchantment additional bullet -- 右手刀_強雷エンチャント追加弾丸,7200,184,1,1,0,0,500184,0,0,0,1,0,[0|0]
107200190,Right hand sword_red blood enchantment additional bullet (thrust) -- 右手刀_赤血エンチャント追加弾丸（突き）,7200,190,1,1,0,0,500190,0,0,0,1,0,[0|0]
107200191,Right hand sword_poison blood enchantment additional bullet (thrust) -- 右手刀_毒血エンチャント追加弾丸（突き）,7200,191,1,1,0,0,500191,0,0,0,1,0,[0|0]
107200192,Right hand sword_white blood enchantment additional bullet (thrust) -- 右手刀_白血エンチャント追加弾丸（突き）,7200,192,1,1,0,0,500192,0,0,0,1,0,[0|0]
107200193,Right-handed sword_Weak thunder enchantment additional bullet (thrust) -- 右手刀_弱雷エンチャント追加弾丸（突き）,7200,193,1,1,0,0,500193,0,0,0,1,0,[0|0]
107200195,Right-handed sword_Orange-style enchantment additional bullet (thrust) -- 右手刀_橙風エンチャント追加弾丸（突き）,7200,195,1,1,0,0,500195,0,0,0,1,0,[0|0]
107200196,Right hand sword_Kinfu enchantment additional bullet (thrust) -- 右手刀_金風エンチャント追加弾丸（突き）,7200,196,1,1,0,0,500196,0,0,0,1,0,[0|0]
107200290,Ignition_Anti-spirit force -- 発火_対霊フォース,7200,290,1,1,0,0,290,0,0,0,0,0,[0|0]
107200295,Ignition_Crisis Force -- 発火_恐慌フォース,7200,295,1,1,0,0,295,0,0,0,0,0,[0|0]
107200297,Ignition_Crisis Force_Encha not required Ver. -- 発火_恐慌フォース_エンチャ不要Ver.,7200,297,1,1,0,0,295,0,0,0,0,0,[0|0]
107200999,Ignition_form consumption dummy -- 発火_形代消費ダミー,7200,999,1,1,1,0,999,0,0,0,0,0,[0|0]
107203100,Ignition LV4_ Accumulation shooting -- 発火LV4_溜め撃ち,7203,100,1,1,1,0,720300,0,0,0,2,0,[0|0]
107203110,Ignition LV4_normal shooting -- 発火LV4_通常撃ち,7203,110,1,1,1,0,720310,0,0,0,2,0,[0|0]
107203120,Ignition LV4_Aerial shooting -- 発火LV4_空中撃ち,7203,120,1,1,1,0,720320,0,0,0,2,0,[0|0]
107203130,Ignition LV4_flamethrower_start -- 発火LV4_火炎放射_開始,7203,130,1,1,0,0,720330,0,0,0,2,0,[0|0]
107203131,Ignition LV4_flamethrower_loop -- 発火LV4_火炎放射_ループ,7203,131,1,1,0,0,720331,0,0,0,2,0,[0|0]
107203140,Ignition LV4_ Derived Attack Enchantment Dummy -- 発火LV4_派生攻撃エンチャント用ダミー,7203,140,1,1,0,0,720340,0,0,0,2,0,[0|0]
107203292,Ignition LV4_Anti-spirit force_ Reach far -- 発火LV4_対霊フォース_遠くまで届く,7203,292,1,1,0,0,720350,0,0,0,0,0,[0|0]
107300100,Ax_Pump Attack 1 -- 斧_溜め攻撃1,7300,100,1,0,1,0,7300100,0,0,0,2,0,[0|0]
107300101,Ax_Pump Attack 2 -- 斧_溜め攻撃2,7300,101,1,0,0,0,7300101,0,0,0,2,0,[0|0]
107300102,Ax_single attack -- 斧_単発攻撃,7300,102,1,0,1,0,7300101,0,0,0,2,0,[0|0]
107300110,Ax _ front slash _ ax -- 斧_前宙斬り_斧,7300,110,1,0,0,0,7300110,0,0,0,2,0,[0|0]
107300121,Ax_Aerial attack -- 斧_空中攻撃,7300,121,1,0,1,0,7300120,0,0,0,2,0,[0|0]
107300122,Ax_Aerial Attack_Loop / Landing -- 斧_空中攻撃_ループ/着地,7300,122,1,0,0,0,7300121,0,0,0,2,0,[0|0]
107300184,Right-handed sword_strong thunder enchantment additional bullet -- 右手刀_強雷エンチャント追加弾丸,7300,184,1,1,0,0,500184,0,0,0,1,0,[0|0]
107300190,Right hand sword_red blood enchantment additional bullet (thrust) -- 右手刀_赤血エンチャント追加弾丸（突き）,7300,190,1,1,0,0,500190,0,0,0,1,0,[0|0]
107300191,Right hand sword_poison blood enchantment additional bullet (thrust) -- 右手刀_毒血エンチャント追加弾丸（突き）,7300,191,1,1,0,0,500191,0,0,0,1,0,[0|0]
107300192,Right hand sword_white blood enchantment additional bullet (thrust) -- 右手刀_白血エンチャント追加弾丸（突き）,7300,192,1,1,0,0,500192,0,0,0,1,0,[0|0]
107300193,Right-handed sword_Weak thunder enchantment additional bullet (thrust) -- 右手刀_弱雷エンチャント追加弾丸（突き）,7300,193,1,1,0,0,500193,0,0,0,1,0,[0|0]
107300195,Right-handed sword_Orange-style enchantment additional bullet (thrust) -- 右手刀_橙風エンチャント追加弾丸（突き）,7300,195,1,1,0,0,500195,0,0,0,1,0,[0|0]
107300196,Right hand sword_Kinfu enchantment additional bullet (thrust) -- 右手刀_金風エンチャント追加弾丸（突き）,7300,196,1,1,0,0,500196,0,0,0,1,0,[0|0]
107300290,Ax_anti-spirit force -- 斧_対霊フォース,7300,290,1,1,0,0,290,0,0,0,0,0,[0|0]
107300295,Ax_Crisis Force -- 斧_恐慌フォース,7300,295,1,1,0,0,295,0,0,0,0,0,[0|0]
107302100,Ax LV3_ Reservoir Attack 1 -- 斧LV3_溜め攻撃1,7302,100,1,0,1,0,7302100,0,0,0,2,0,[0|0]
107302101,Ax LV3_ Reservoir Attack 2 -- 斧LV3_溜め攻撃2,7302,101,1,0,0,0,7302101,0,0,0,2,0,[0|0]
107302102,Ax LV3_ single attack -- 斧LV3_単発攻撃,7302,102,1,0,1,0,7302101,0,0,0,2,0,[0|0]
107302110,Ax LV3_Front Slasher_Ax -- 斧LV3_前宙斬り_斧,7302,110,1,0,0,0,7302110,0,0,0,2,0,[0|0]
107302121,Ax LV3_ aerial attack -- 斧LV3_空中攻撃,7302,121,1,0,1,0,7302120,0,0,0,2,0,[0|0]
107302122,Ax LV3_Aerial Attack_Loop / Landing -- 斧LV3_空中攻撃_ループ/着地,7302,122,1,0,0,0,7302121,0,0,0,2,0,[0|0]
107302130,Ax LV3_ shock wave -- 斧LV3_衝撃波,7302,130,1,0,0,0,7302130,0,0,0,2,0,[0|0]
107302297,Ax LV3_ Depression Force -- 斧LV3_恐慌フォース,7302,297,1,1,0,0,730200,0,0,0,0,0,[0|0]
107303100,Ax LV4_ Reservoir Attack 1 -- 斧LV4_溜め攻撃1,7303,100,1,0,1,0,7303100,0,0,0,2,0,[0|0]
107303101,Ax LV4_ Reservoir Attack 2 -- 斧LV4_溜め攻撃2,7303,101,1,0,0,0,7303101,0,0,0,2,0,[0|0]
107303102,Ax LV4_ single attack -- 斧LV4_単発攻撃,7303,102,1,0,1,0,7303101,0,0,0,2,0,[0|0]
107303110,Ax LV4_Front Slasher_Ax -- 斧LV4_前宙斬り_斧,7303,110,1,0,0,0,7303110,0,0,0,2,0,[0|0]
107303121,Ax LV4_ aerial attack -- 斧LV4_空中攻撃,7303,121,1,0,1,0,7303120,0,0,0,2,0,[0|0]
107303122,Ax LV4_Aerial Attack_Loop / Landing -- 斧LV4_空中攻撃_ループ/着地,7303,122,1,0,0,0,7303121,0,0,0,2,0,[0|0]
107303130,Ax LV4_ shock wave -- 斧LV4_衝撃波,7303,130,1,0,0,0,7303130,0,0,0,2,0,[0|0]
107303140,Ax LV4_Shockwave_Phantom Eraser -- 斧LV4_衝撃波_幻影消し,7303,140,1,0,0,0,7303140,0,0,0,2,0,[0|0]
107400184,Right-handed sword_strong thunder enchantment additional bullet -- 右手刀_強雷エンチャント追加弾丸,7400,184,1,1,0,0,500184,0,0,0,1,0,[0|0]
107400190,Right hand sword_red blood enchantment additional bullet (thrust) -- 右手刀_赤血エンチャント追加弾丸（突き）,7400,190,1,1,0,0,500190,0,0,0,1,0,[0|0]
107400191,Right hand sword_poison blood enchantment additional bullet (thrust) -- 右手刀_毒血エンチャント追加弾丸（突き）,7400,191,1,1,0,0,500191,0,0,0,1,0,[0|0]
107400192,Right hand sword_white blood enchantment additional bullet (thrust) -- 右手刀_白血エンチャント追加弾丸（突き）,7400,192,1,1,0,0,500192,0,0,0,1,0,[0|0]
107400193,Right-handed sword_Weak thunder enchantment additional bullet (thrust) -- 右手刀_弱雷エンチャント追加弾丸（突き）,7400,193,1,1,0,0,500193,0,0,0,1,0,[0|0]
107400195,Right-handed sword_Orange-style enchantment additional bullet (thrust) -- 右手刀_橙風エンチャント追加弾丸（突き）,7400,195,1,1,0,0,500195,0,0,0,1,0,[0|0]
107400196,Right hand sword_Kinfu enchantment additional bullet (thrust) -- 右手刀_金風エンチャント追加弾丸（突き）,7400,196,1,1,0,0,500196,0,0,0,1,0,[0|0]
107400290,Transformation_Anti-spirit force -- 変わり身_対霊フォース,7400,290,1,1,0,0,290,0,0,0,0,0,[0|0]
107400295,Transformation_Crisis Force -- 変わり身_恐慌フォース,7400,295,1,1,0,0,295,0,0,0,0,0,[0|0]
107400999,Transformation_form consumption dummy -- 変わり身_形代消費ダミー,7400,999,1,1,1,0,999,0,0,0,0,0,[0|0]
107402100,Transformation LV3_ activation impact -- 変わり身LV3_発動衝撃,7402,100,1,1,0,0,740200,0,0,0,9,0,[0|0]
107402297,Transformation LV3_ Depression Force -- 変わり身LV3_恐慌フォース,7402,297,1,1,0,0,740210,0,0,0,0,0,[0|0]
107500100,Kodachi_Table 1st stage_Left hand sword -- 小太刀_表1段目_左手刀,7500,100,1,0,1,0,7500100,0,0,0,2,0,[0|0]
107500102,Kodachi _ Table 3rd _ Left hand sword -- 小太刀_表3段目_左手刀,7500,102,1,0,1,0,7500102,0,0,0,2,0,[0|0]
107500104,Kodachi _ Table 5th _ Left hand sword -- 小太刀_表5段目_左手刀,7500,104,1,0,1,0,7500104,0,0,0,2,0,[0|0]
107500105,Kodachi _ Table 6th _ Left hand sword -- 小太刀_表6段目_左手刀,7500,105,1,0,0,0,7500105,0,0,0,2,0,[0|0]
107500110,Kodachi _ back 1st stage _ left hand sword -- 小太刀_裏1段目_左手刀,7500,110,1,0,0,0,7500110,0,0,0,2,0,[0|0]
107500111,Kodachi _ back 2nd stage _ left hand sword -- 小太刀_裏2段目_左手刀,7500,111,1,0,1,0,7500111,0,0,0,2,0,[0|0]
107500112,Kodachi_back 3rd stage_left hand sword -- 小太刀_裏3段目_左手刀,7500,112,1,0,0,0,7500112,0,0,0,2,0,[0|0]
107500113,Kodachi_back 4th stage_left hand sword -- 小太刀_裏4段目_左手刀,7500,113,1,0,1,0,7500113,0,0,0,2,0,[0|0]
107500114,Kodachi_back 5th stage_left hand sword -- 小太刀_裏5段目_左手刀,7500,114,1,0,0,0,7500114,0,0,0,2,0,[0|0]
107500115,Kodachi_back 6th stage_left hand sword -- 小太刀_裏6段目_左手刀,7500,115,1,0,1,0,7500115,0,0,0,2,0,[0|0]
107500140,Kodachi_Aerial 1st stage_Left hand sword 1 -- 小太刀_空中1段目_左手刀1,7500,140,1,0,0,0,7500140,0,0,0,2,0,[0|0]
107500141,Kodachi_Aerial 1st stage_Left hand sword 2 -- 小太刀_空中1段目_左手刀2,7500,141,1,0,1,0,7500140,0,0,0,2,0,[0|0]
107500184,Right-handed sword_strong thunder enchantment additional bullet -- 右手刀_強雷エンチャント追加弾丸,7500,184,1,1,0,0,500184,0,0,0,1,0,[0|0]
107500190,Right hand sword_red blood enchantment additional bullet (thrust) -- 右手刀_赤血エンチャント追加弾丸（突き）,7500,190,1,1,0,0,500190,0,0,0,1,0,[0|0]
107500191,Right hand sword_poison blood enchantment additional bullet (thrust) -- 右手刀_毒血エンチャント追加弾丸（突き）,7500,191,1,1,0,0,500191,0,0,0,1,0,[0|0]
107500192,Right hand sword_white blood enchantment additional bullet (thrust) -- 右手刀_白血エンチャント追加弾丸（突き）,7500,192,1,1,0,0,500192,0,0,0,1,0,[0|0]
107500193,Right-handed sword_Weak thunder enchantment additional bullet (thrust) -- 右手刀_弱雷エンチャント追加弾丸（突き）,7500,193,1,1,0,0,500193,0,0,0,1,0,[0|0]
107500195,Right-handed sword_Orange-style enchantment additional bullet (thrust) -- 右手刀_橙風エンチャント追加弾丸（突き）,7500,195,1,1,0,0,500195,0,0,0,1,0,[0|0]
107500196,Right hand sword_Kinfu enchantment additional bullet (thrust) -- 右手刀_金風エンチャント追加弾丸（突き）,7500,196,1,1,0,0,500196,0,0,0,1,0,[0|0]
107500290,Kodachi_Anti-spirit force -- 小太刀_対霊フォース,7500,290,1,1,0,0,290,0,0,0,0,0,[0|0]
107500295,Kodachi_Crisis Force -- 小太刀_恐慌フォース,7500,295,1,1,0,0,295,0,0,0,0,0,[0|0]
107502100,Kodachi LV3-A_Table 1st stage_Left hand sword -- 小太刀LV3-A_表1段目_左手刀,7502,100,1,0,1,0,7502100,0,0,0,2,0,[0|0]
107502102,Kodachi LV3-A_Table 3rd stage_Left hand sword -- 小太刀LV3-A_表3段目_左手刀,7502,102,1,0,1,0,7502102,0,0,0,2,0,[0|0]
107502104,Kodachi LV3-A_Table 5th stage_Left hand sword -- 小太刀LV3-A_表5段目_左手刀,7502,104,1,0,1,0,7502104,0,0,0,2,0,[0|0]
107502105,Kodachi LV3-A_Table 6th row_Left hand sword -- 小太刀LV3-A_表6段目_左手刀,7502,105,1,0,0,0,7502105,0,0,0,2,0,[0|0]
107502110,Kodachi LV3-A_back 1st stage_left hand sword -- 小太刀LV3-A_裏1段目_左手刀,7502,110,1,0,0,0,7502110,0,0,0,2,0,[0|0]
107502111,Kodachi LV3-A_back 2nd stage_left hand sword -- 小太刀LV3-A_裏2段目_左手刀,7502,111,1,0,1,0,7502111,0,0,0,2,0,[0|0]
107502112,Kodachi LV3-A_back 3rd stage_left hand sword -- 小太刀LV3-A_裏3段目_左手刀,7502,112,1,0,0,0,7502112,0,0,0,2,0,[0|0]
107502113,Kodachi LV3-A_back 4th stage_left hand sword -- 小太刀LV3-A_裏4段目_左手刀,7502,113,1,0,1,0,7502113,0,0,0,2,0,[0|0]
107502114,Kodachi LV3-A_back 5th stage_left hand sword -- 小太刀LV3-A_裏5段目_左手刀,7502,114,1,0,0,0,7502114,0,0,0,2,0,[0|0]
107502115,Kodachi LV3-A_Back 6th stage_Left hand sword -- 小太刀LV3-A_裏6段目_左手刀,7502,115,1,0,1,0,7502115,0,0,0,2,0,[0|0]
107502140,Kodachi LV3-A_Aerial 1st stage_Left hand sword 1 -- 小太刀LV3-A_空中1段目_左手刀1,7502,140,1,0,0,0,7502140,0,0,0,2,0,[0|0]
107502141,Kodachi LV3-A_Aerial 1st stage_Left hand sword 2 -- 小太刀LV3-A_空中1段目_左手刀2,7502,141,1,0,1,0,7502140,0,0,0,2,0,[0|0]
107503100,Kodachi LV3-B_Table 1st stage_Left hand sword -- 小太刀LV3-B_表1段目_左手刀,7503,100,1,0,1,0,7503100,0,0,0,2,0,[0|0]
107503102,Kodachi LV3-B_Table 3rd stage_Left hand sword -- 小太刀LV3-B_表3段目_左手刀,7503,102,1,0,1,0,7503102,0,0,0,2,0,[0|0]
107503104,Kodachi LV3-B_Table 5th stage_Left hand sword -- 小太刀LV3-B_表5段目_左手刀,7503,104,1,0,1,0,7503104,0,0,0,2,0,[0|0]
107503105,Kodachi LV3-B_Table 6th row_Left hand sword -- 小太刀LV3-B_表6段目_左手刀,7503,105,1,0,0,0,7503105,0,0,0,2,0,[0|0]
107503110,Kodachi LV3-B_Back 1st stage_Left hand sword -- 小太刀LV3-B_裏1段目_左手刀,7503,110,1,0,0,0,7503110,0,0,0,2,0,[0|0]
107503111,Kodachi LV3-B_Back 2nd stage_Left hand sword -- 小太刀LV3-B_裏2段目_左手刀,7503,111,1,0,1,0,7503111,0,0,0,2,0,[0|0]
107503112,Kodachi LV3-B_back 3rd stage_left hand sword -- 小太刀LV3-B_裏3段目_左手刀,7503,112,1,0,0,0,7503112,0,0,0,2,0,[0|0]
107503113,Kodachi LV3-B_back 4th stage_left hand sword -- 小太刀LV3-B_裏4段目_左手刀,7503,113,1,0,1,0,7503113,0,0,0,2,0,[0|0]
107503114,Kodachi LV3-B_back 5th stage_left hand sword -- 小太刀LV3-B_裏5段目_左手刀,7503,114,1,0,0,0,7503114,0,0,0,2,0,[0|0]
107503115,Kodachi LV3-B_Back 6th stage_Left hand sword -- 小太刀LV3-B_裏6段目_左手刀,7503,115,1,0,1,0,7503115,0,0,0,2,0,[0|0]
107503140,Kodachi LV3-B_Aerial 1st stage_Left hand sword 1 -- 小太刀LV3-B_空中1段目_左手刀1,7503,140,1,0,0,0,7503140,0,0,0,2,0,[0|0]
107503141,Kodachi LV3-B_Aerial 1st stage_Left hand sword 2 -- 小太刀LV3-B_空中1段目_左手刀2,7503,141,1,0,1,0,7503140,0,0,0,2,0,[0|0]
107503150,Kodachi LV3-B_poison fog_front -- 小太刀LV3-B_毒霧_正面へ,7503,150,1,1,0,0,750300,0,0,0,2,0,[0|0]
107503151,Kodachi LV3-B_Poison fog_Left front -- 小太刀LV3-B_毒霧_左前へ,7503,151,1,1,0,0,750301,0,0,0,2,0,[0|0]
107503152,Kodachi LV3-B_Poison fog_To the front right -- 小太刀LV3-B_毒霧_右前へ,7503,152,1,1,0,0,750302,0,0,0,2,0,[0|0]
107600100,Iron fan_guard -- 鉄扇_ガード,7600,100,1,0,0,0,7600100,0,0,0,2,0,[0|0]
107600200,Iron fan _ Shooting attack _ Iron fan _ Bullet LV1 -- 鉄扇_放つ攻撃_鉄扇_弾丸LV1,7600,200,1,1,0,0,760000,0,0,0,2,0,[0|0]
107600210,Iron fan _ Shooting attack _ Iron fan _ Bullet LV2 -- 鉄扇_放つ攻撃_鉄扇_弾丸LV2,7600,210,1,1,0,0,760010,0,0,0,2,0,[0|0]
107600211,Iron fan_Shoot attack_Iron fan_Bullet LV2_SFX only -- 鉄扇_放つ攻撃_鉄扇_弾丸LV2_SFXのみ,7600,211,1,1,0,0,760011,0,0,0,2,0,[0|0]
107600220,Iron fan _ Shooting attack _ Iron fan _ Bullet LV3 -- 鉄扇_放つ攻撃_鉄扇_弾丸LV3,7600,220,1,1,0,0,760020,0,0,0,2,0,[0|0]
107600221,Iron fan_Shoot attack_Iron fan_Bullet LV3_SFX only -- 鉄扇_放つ攻撃_鉄扇_弾丸LV3_SFXのみ,7600,221,1,1,0,0,760021,0,0,0,2,0,[0|0]
107600240,Iron fan_shooting attack -- 鉄扇_放つ攻撃,7600,240,1,1,0,0,500052,0,0,0,1,0,[0|0]
107600241,Iron fan _ Unleash attack _ Red blood enchantment -- 鉄扇_放つ攻撃_赤血エンチャ,7600,241,1,1,0,0,500053,0,0,0,1,0,[0|0]
107600242,Iron fan _ Shooting attack _ Poison blood enchantment -- 鉄扇_放つ攻撃_毒血エンチャ,7600,242,1,1,0,0,500054,0,0,0,1,0,[0|0]
107600243,Iron fan _ Unleash attack _ White blood enchantment -- 鉄扇_放つ攻撃_白血エンチャ,7600,243,1,1,0,0,500055,0,0,0,1,0,[0|0]
107600244,Iron fan _ Shooting attack _ Orange style enchantment -- 鉄扇_放つ攻撃_橙風エンチャ,7600,244,1,1,0,0,500056,0,0,0,1,0,[0|0]
107600245,Iron fan _ Unleash attack _ Gold wind enchantment -- 鉄扇_放つ攻撃_金風エンチャ,7600,245,1,1,0,0,500057,0,0,0,1,0,[0|0]
107600270,Iron fan _ Anti-flame Iron fan Momentary enchantment by slashing -- 鉄扇_対炎鉄扇放ち斬りによる瞬間エンチャ,7600,270,1,1,0,0,760070,0,0,0,0,0,[0|0]
107600271,Iron fan_Anti-spirit Iron fan Momentary enchantment by slashing -- 鉄扇_対霊鉄扇放ち斬りによる瞬間エンチャ,7600,271,1,1,0,0,760071,0,0,0,0,0,[0|0]
107600290,Iron fan_anti-spirit force -- 鉄扇_対霊フォース,7600,290,1,1,0,0,290,0,0,0,0,0,[0|0]
107600295,Iron Fan_Crisis Force -- 鉄扇_恐慌フォース,7600,295,1,1,0,0,295,0,0,0,0,0,[0|0]
107600999,Iron fan_form consumption dummy -- 鉄扇_形代消費ダミー,7600,999,1,1,1,0,999,0,0,0,0,0,[0|0]
107602297,Iron Fan LV2-A_ Depression Force -- 鉄扇LV2-A_恐慌フォース,7602,297,1,1,0,0,760200,0,0,0,0,0,[0|0]
107603292,Iron fan LV2-B_Anti-spirit force_Jasuga / Turn receiver -- 鉄扇LV2-B_対霊フォース_ジャスガ/回し受け,7603,292,1,1,0,0,760300,0,0,0,0,0,[0|0]
107603293,Iron fan LV2-B_Anti-spirit force_ Reach far -- 鉄扇LV2-B_対霊フォース_遠くまで届く,7603,293,1,1,0,0,760301,0,0,0,0,0,[0|0]
107700100,Enemy turning _ wind gathering -- 敵回し_風集め,7700,100,1,2,1,0,107700,0,0,0,0,0,[0|0]
107700101,Enemy turning _ Wind subtraction by slashing (1 → 0) -- 敵回し_風まとい斬りによる残り減算（1→0）,7700,101,1,2,0,0,107701,0,0,0,0,0,[0|0]
107700110,Enemy turning _ Wind release body (remaining 1 → 0) -- 敵回し_風放ち本体（残り1→0）,7700,110,1,1,0,0,770000,0,0,0,2,0,[0|0]
107700120,Enemy turning_Wind collection extension -- 敵回し_風集め延長,7700,120,1,1,0,0,770020,0,0,0,0,0,[0|0]
107700140,Enemy Turn_Dummy for Derived Attack Enchantment -- 敵回し_派生攻撃エンチャント用ダミー,7700,140,1,1,0,0,770040,0,0,0,2,0,[0|0]
107700184,Right-handed sword_strong thunder enchantment additional bullet -- 右手刀_強雷エンチャント追加弾丸,7700,184,1,1,0,0,500184,0,0,0,1,0,[0|0]
107700190,Right hand sword_red blood enchantment additional bullet (thrust) -- 右手刀_赤血エンチャント追加弾丸（突き）,7700,190,1,1,0,0,500190,0,0,0,1,0,[0|0]
107700191,Right hand sword_poison blood enchantment additional bullet (thrust) -- 右手刀_毒血エンチャント追加弾丸（突き）,7700,191,1,1,0,0,500191,0,0,0,1,0,[0|0]
107700192,Right hand sword_white blood enchantment additional bullet (thrust) -- 右手刀_白血エンチャント追加弾丸（突き）,7700,192,1,1,0,0,500192,0,0,0,1,0,[0|0]
107700193,Right-handed sword_Weak thunder enchantment additional bullet (thrust) -- 右手刀_弱雷エンチャント追加弾丸（突き）,7700,193,1,1,0,0,500193,0,0,0,1,0,[0|0]
107700195,Right-handed sword_Orange-style enchantment additional bullet (thrust) -- 右手刀_橙風エンチャント追加弾丸（突き）,7700,195,1,1,0,0,500195,0,0,0,1,0,[0|0]
107700196,Right hand sword_Kinfu enchantment additional bullet (thrust) -- 右手刀_金風エンチャント追加弾丸（突き）,7700,196,1,1,0,0,500196,0,0,0,1,0,[0|0]
107701100,Enemy turning LV2_Wind collection_Remaining 2 -- 敵回しLV2_風集め_残り2,7701,100,1,2,1,0,107702,0,0,0,0,0,[0|0]
107701101,Enemy turning LV2_ Remaining subtraction by wind slashing (2 → 1) -- 敵回しLV2_風まとい斬りによる残り減算（2→1）,7701,101,1,2,0,0,107703,0,0,0,0,0,[0|0]
107701110,Enemy turning LV2_ Wind release body (remaining 1 → 0) -- 敵回しLV2_風放ち本体（残り1→0）,7701,110,1,1,0,0,770100,0,0,0,2,0,[0|0]
107701111,Enemy turning LV2_ Wind release body (remaining 2 → 1) -- 敵回しLV2_風放ち本体（残り2→1）,7701,111,1,1,0,0,770101,0,0,0,2,0,[0|0]
107701120,Enemy turning LV2_Wind collection extension_1 remaining -- 敵回しLV2_風集め延長_残り1,7701,120,1,1,0,0,770120,0,0,0,0,0,[0|0]
107701121,Enemy turning LV2_Wind collection extension_Remaining 2 -- 敵回しLV2_風集め延長_残り2,7701,121,1,1,0,0,770121,0,0,0,0,0,[0|0]
107702100,Enemy turning LV3_Wind collection_Remaining 2 -- 敵回しLV3_風集め_残り2,7702,100,1,2,1,0,107704,0,0,0,0,0,[0|0]
107702101,Enemy turning LV3_ Remaining subtraction by wind slashing (2 → 1) -- 敵回しLV3_風まとい斬りによる残り減算（2→1）,7702,101,1,2,0,0,107705,0,0,0,0,0,[0|0]
107702110,Enemy turning LV3_ Wind release body (remaining 1 → 0) -- 敵回しLV3_風放ち本体（残り1→0）,7702,110,1,1,0,0,770200,0,0,0,2,0,[0|0]
107702111,Enemy turning LV3_ Wind release body (remaining 2 → 1) -- 敵回しLV3_風放ち本体（残り2→1）,7702,111,1,1,0,0,770201,0,0,0,2,0,[0|0]
107702120,Enemy turning LV2_Wind collection extension_1 remaining -- 敵回しLV2_風集め延長_残り1,7702,120,1,1,0,0,770220,0,0,0,0,0,[0|0]
107702121,Enemy turning LV2_Wind collection extension_Remaining 2 -- 敵回しLV2_風集め延長_残り2,7702,121,1,1,0,0,770221,0,0,0,0,0,[0|0]
107702140,Enemy Turn LV3_ Derived Attack Enchantment Dummy -- 敵回しLV3_派生攻撃エンチャント用ダミー,7702,140,1,1,0,0,770240,0,0,0,2,0,[0|0]
107800100,Spear_Pump Charge 1 -- 槍_溜め突撃1,7800,100,1,0,1,0,7800100,0,0,0,2,0,[0|0]
107800101,Spear_Pump Charge 2 -- 槍_溜め突撃2,7800,101,1,0,0,0,7800101,0,0,0,2,0,[0|0]
107800102,Spear_Pump Charge 3_Tip -- 槍_溜め突撃3_先端,7800,102,1,0,0,0,7800105,0,0,0,2,0,[0|0]
107800103,Spear_Pump Charge 3_Intermediate -- 槍_溜め突撃3_中間,7800,103,1,0,0,0,7800106,0,0,0,2,0,[0|0]
107800104,Spear_Pump Charge 3_Root -- 槍_溜め突撃3_根元,7800,104,1,0,0,0,7800107,0,0,0,2,0,[0|0]
107800105,Spear_single thrust_tip -- 槍_単発突き_先端,7800,105,1,0,1,0,7800105,0,0,0,2,0,[0|0]
107800106,Spear _ single shot _ middle -- 槍_単発突き_中間,7800,106,1,0,0,0,7800106,0,0,0,2,0,[0|0]
107800107,Spear _ single shot _ root -- 槍_単発突き_根元,7800,107,1,0,0,0,7800107,0,0,0,2,0,[0|0]
107800110,Spear_Attract 1 -- 槍_引き寄せ1,7800,110,1,0,0,0,7800110,0,0,0,2,0,[0|0]
107800115,Spear_pull 2_tip -- 槍_引き寄せ2_先端,7800,115,1,0,0,0,7800115,0,0,0,2,0,[0|0]
107800116,Spear_Attract 2_Intermediate -- 槍_引き寄せ2_中間,7800,116,1,0,0,0,7800116,0,0,0,2,0,[0|0]
107800117,Spear_Attract 2_Root -- 槍_引き寄せ2_根元,7800,117,1,0,0,0,7800117,0,0,0,2,0,[0|0]
107800184,Right-handed sword_strong thunder enchantment additional bullet -- 右手刀_強雷エンチャント追加弾丸,7800,184,1,1,0,0,500184,0,0,0,1,0,[0|0]
107800190,Right hand sword_red blood enchantment additional bullet (thrust) -- 右手刀_赤血エンチャント追加弾丸（突き）,7800,190,1,1,0,0,500190,0,0,0,1,0,[0|0]
107800191,Right hand sword_poison blood enchantment additional bullet (thrust) -- 右手刀_毒血エンチャント追加弾丸（突き）,7800,191,1,1,0,0,500191,0,0,0,1,0,[0|0]
107800192,Right hand sword_white blood enchantment additional bullet (thrust) -- 右手刀_白血エンチャント追加弾丸（突き）,7800,192,1,1,0,0,500192,0,0,0,1,0,[0|0]
107800193,Right-handed sword_Weak thunder enchantment additional bullet (thrust) -- 右手刀_弱雷エンチャント追加弾丸（突き）,7800,193,1,1,0,0,500193,0,0,0,1,0,[0|0]
107800195,Right-handed sword_Orange-style enchantment additional bullet (thrust) -- 右手刀_橙風エンチャント追加弾丸（突き）,7800,195,1,1,0,0,500195,0,0,0,1,0,[0|0]
107800196,Right hand sword_Kinfu enchantment additional bullet (thrust) -- 右手刀_金風エンチャント追加弾丸（突き）,7800,196,1,1,0,0,500196,0,0,0,1,0,[0|0]
107800290,Spear_Ghost Force -- 槍_対霊フォース,7800,290,1,1,0,0,290,0,0,0,0,0,[0|0]
107800295,Spear_Crisis Force -- 槍_恐慌フォース,7800,295,1,1,0,0,295,0,0,0,0,0,[0|0]
107802100,Spear LV2-B_ Reservoir _ Tip -- 槍LV2-B_溜めなぎ払い_先端,7802,100,1,0,1,0,7802100,0,0,0,2,0,[0|0]
107802101,Spear LV2-B_Reservoir _Intermediate -- 槍LV2-B_溜めなぎ払い_中間,7802,101,1,0,0,0,7802101,0,0,0,2,0,[0|0]
107802102,Spear LV2-B_ Reservoir _ Root -- 槍LV2-B_溜めなぎ払い_根元,7802,102,1,0,0,0,7802102,0,0,0,2,0,[0|0]
107802105,Spear LV2-B_single thrust_tip -- 槍LV2-B_単発突き_先端,7802,105,1,0,1,0,7802105,0,0,0,2,0,[0|0]
107802106,Spear LV2-B_single thrust_intermediate -- 槍LV2-B_単発突き_中間,7802,106,1,0,0,0,7802106,0,0,0,2,0,[0|0]
107802107,Spear LV2-B_single thrust_root -- 槍LV2-B_単発突き_根元,7802,107,1,0,0,0,7802107,0,0,0,2,0,[0|0]
107802110,Spear LV2-B_Attract 1 -- 槍LV2-B_引き寄せ1,7802,110,1,0,0,0,7802110,0,0,0,2,0,[0|0]
107802115,Spear LV2-B_Pulling 2_Tip -- 槍LV2-B_引き寄せ2_先端,7802,115,1,0,0,0,7802115,0,0,0,2,0,[0|0]
107802116,Spear LV2-B_Attract 2_Intermediate -- 槍LV2-B_引き寄せ2_中間,7802,116,1,0,0,0,7802116,0,0,0,2,0,[0|0]
107802117,Spear LV2-B_Attract 2_Root -- 槍LV2-B_引き寄せ2_根元,7802,117,1,0,0,0,7802117,0,0,0,2,0,[0|0]
107803100,Spear LV3-A_ Reservoir Charge 1 -- 槍LV3-A_溜め突撃1,7803,100,1,0,1,0,7803100,0,0,0,2,0,[0|0]
107803101,Spear LV3-A_ Reservoir Assault 2 -- 槍LV3-A_溜め突撃2,7803,101,1,0,0,0,7803101,0,0,0,2,0,[0|0]
107803102,Spear LV3-A_ Reservoir Assault 3_ Tip -- 槍LV3-A_溜め突撃3_先端,7803,102,1,0,0,0,7803105,0,0,0,2,0,[0|0]
107803103,Spear LV3-A_Pump Charge 3_Intermediate -- 槍LV3-A_溜め突撃3_中間,7803,103,1,0,0,0,7803106,0,0,0,2,0,[0|0]
107803104,Spear LV3-A_ Reservoir Assault 3_ Root -- 槍LV3-A_溜め突撃3_根元,7803,104,1,0,0,0,7803107,0,0,0,2,0,[0|0]
107803105,Spear LV3-A_single thrust_tip -- 槍LV3-A_単発突き_先端,7803,105,1,0,1,0,7803105,0,0,0,2,0,[0|0]
107803106,Spear LV3-A_single thrust_intermediate -- 槍LV3-A_単発突き_中間,7803,106,1,0,0,0,7803106,0,0,0,2,0,[0|0]
107803107,Spear LV3-A_single thrust_root -- 槍LV3-A_単発突き_根元,7803,107,1,0,0,0,7803107,0,0,0,2,0,[0|0]
107803110,Spear LV3-A_Attract 1 -- 槍LV3-A_引き寄せ1,7803,110,1,0,0,0,7803110,0,0,0,2,0,[0|0]
107803115,Spear LV3-A_Attract 2_ Tip -- 槍LV3-A_引き寄せ2_先端,7803,115,1,0,0,0,7803115,0,0,0,2,0,[0|0]
107803116,Spear LV3-A_Attract 2_Intermediate -- 槍LV3-A_引き寄せ2_中間,7803,116,1,0,0,0,7803116,0,0,0,2,0,[0|0]
107803117,Spear LV3-A_Attract 2_Root -- 槍LV3-A_引き寄せ2_根元,7803,117,1,0,0,0,7803117,0,0,0,2,0,[0|0]
107804100,Spear LV3-B_ Reservoir _ Tip -- 槍LV3-B_溜めなぎ払い_先端,7804,100,1,0,1,0,7804100,0,0,0,2,0,[0|0]
107804101,Spear LV3-B_Pump-up _Intermediate -- 槍LV3-B_溜めなぎ払い_中間,7804,101,1,0,0,0,7804101,0,0,0,2,0,[0|0]
107804102,Spear LV3-B_ Reservoir _ Root -- 槍LV3-B_溜めなぎ払い_根元,7804,102,1,0,0,0,7804102,0,0,0,2,0,[0|0]
107804105,Spear LV3-B_single thrust_tip -- 槍LV3-B_単発突き_先端,7804,105,1,0,1,0,7804105,0,0,0,2,0,[0|0]
107804106,Spear LV3-B_single thrust_intermediate -- 槍LV3-B_単発突き_中間,7804,106,1,0,0,0,7804106,0,0,0,2,0,[0|0]
107804107,Spear LV3-B_single thrust_root -- 槍LV3-B_単発突き_根元,7804,107,1,0,0,0,7804107,0,0,0,2,0,[0|0]
107804110,Spear LV3-B_Attract 1 -- 槍LV3-B_引き寄せ1,7804,110,1,0,0,0,7804110,0,0,0,2,0,[0|0]
107804115,Spear LV3-B_Pulling 2_Tips -- 槍LV3-B_引き寄せ2_先端,7804,115,1,0,0,0,7804115,0,0,0,2,0,[0|0]
107804116,Spear LV3-B_Attract 2_Intermediate -- 槍LV3-B_引き寄せ2_中間,7804,116,1,0,0,0,7804116,0,0,0,2,0,[0|0]
107804117,Spear LV3-B_Attract 2_Root -- 槍LV3-B_引き寄せ2_根元,7804,117,1,0,0,0,7804117,0,0,0,2,0,[0|0]
107804297,Spear LV3-B_ Depression Force -- 槍LV3-B_恐慌フォース,7804,297,1,1,0,0,780400,0,0,0,0,0,[0|0]
107900100,Finger whistle_no lock_reservoir -- 指笛_ノーロック_溜め,7900,100,1,1,1,0,790000,0,0,0,0,0,[0|0]
107900101,Finger whistle_no lock -- 指笛_ノーロック,7900,101,1,1,1,0,790001,0,0,0,0,0,[0|0]
107900110,Finger whistle_lock-on_reservoir -- 指笛_ロックオン_溜め,7900,110,1,1,1,0,790010,0,0,0,0,0,[0|0]
107900111,Finger whistle_lock on -- 指笛_ロックオン,7900,111,1,1,1,0,790011,0,0,0,0,0,[0|0]
107900112,Finger whistle_lock on (hanging) -- 指笛_ロックオン（ぶら下がり）,7900,112,1,1,1,0,790012,0,0,0,0,0,[0|0]
107900114,Finger whistle_lock-on (peeping-left) -- 指笛_ロックオン（覗き込み_左）,7900,114,1,1,1,0,790014,0,0,0,0,0,[0|0]
107900115,Finger whistle_lock-on (peeping-right) -- 指笛_ロックオン（覗き込み_右）,7900,115,1,1,1,0,790015,0,0,0,0,0,[0|0]
107900175,Finger whistle _ sound feed slash _ accumulated bullet -- 指笛_音送り斬り_溜め弾丸,7900,175,1,1,0,0,790005,0,0,0,0,0,[0|0]
107900176,Finger whistle _ sound feed slash _ bullet -- 指笛_音送り斬り_弾丸,7900,176,1,1,0,0,790006,0,0,0,0,0,[0|0]
107900184,Right-handed sword_strong thunder enchantment additional bullet -- 右手刀_強雷エンチャント追加弾丸,7900,184,1,1,0,0,500184,0,0,0,1,0,[0|0]
107900190,Right hand sword_red blood enchantment additional bullet (thrust) -- 右手刀_赤血エンチャント追加弾丸（突き）,7900,190,1,1,0,0,500190,0,0,0,1,0,[0|0]
107900191,Right hand sword_poison blood enchantment additional bullet (thrust) -- 右手刀_毒血エンチャント追加弾丸（突き）,7900,191,1,1,0,0,500191,0,0,0,1,0,[0|0]
107900192,Right hand sword_white blood enchantment additional bullet (thrust) -- 右手刀_白血エンチャント追加弾丸（突き）,7900,192,1,1,0,0,500192,0,0,0,1,0,[0|0]
107900193,Right-handed sword_Weak thunder enchantment additional bullet (thrust) -- 右手刀_弱雷エンチャント追加弾丸（突き）,7900,193,1,1,0,0,500193,0,0,0,1,0,[0|0]
107900195,Right-handed sword_Orange-style enchantment additional bullet (thrust) -- 右手刀_橙風エンチャント追加弾丸（突き）,7900,195,1,1,0,0,500195,0,0,0,1,0,[0|0]
107900196,Right hand sword_Kinfu enchantment additional bullet (thrust) -- 右手刀_金風エンチャント追加弾丸（突き）,7900,196,1,1,0,0,500196,0,0,0,1,0,[0|0]
107900999,Finger whistle_form consumption dummy -- 指笛_形代消費ダミー,7900,999,1,1,1,0,999,0,0,0,0,0,[0|0]
107902100,Finger whistle LV3_no lock_reservoir -- 指笛LV3_ノーロック_溜め,7902,100,1,1,1,0,790200,0,0,0,0,0,[0|0]
107902101,Finger whistle LV3_ no lock -- 指笛LV3_ノーロック,7902,101,1,1,1,0,790201,0,0,0,0,0,[0|0]
107902110,Finger whistle LV3_lock-on_reservoir -- 指笛LV3_ロックオン_溜め,7902,110,1,1,1,0,790210,0,0,0,0,0,[0|0]
107902111,Finger whistle LV3_ lock on -- 指笛LV3_ロックオン,7902,111,1,1,1,0,790211,0,0,0,0,0,[0|0]
107902112,Finger whistle LV3_ lock on (hanging) -- 指笛LV3_ロックオン（ぶら下がり）,7902,112,1,1,1,0,790212,0,0,0,0,0,[0|0]
107902114,Finger whistle LV3_lock on (peeping_left) -- 指笛LV3_ロックオン（覗き込み_左）,7902,114,1,1,1,0,790214,0,0,0,0,0,[0|0]
107902115,Finger whistle LV3_lock on (peeping_right) -- 指笛LV3_ロックオン（覗き込み_右）,7902,115,1,1,1,0,790215,0,0,0,0,0,[0|0]
107902175,Finger whistle LV3_Sound feed slash_Reservoir bullet -- 指笛LV3_音送り斬り_溜め弾丸,7902,175,1,1,0,0,790205,0,0,0,0,0,[0|0]
107902176,Finger whistle LV3_sound feed slash_bullet -- 指笛LV3_音送り斬り_弾丸,7902,176,1,1,0,0,790206,0,0,0,0,0,[0|0]
109500000,Wire Weapon_Injection -- ワイヤー武器_射出,9500,0,1,0,0,0,9500000,0,0,0,2,0,[0|0]
150100000,Test Shinobi 1 Grab -- テスト忍殺1掴み,50100,0,1,0,0,0,50100000,0,0,0,1,0,[0|0]
150100010,Test Shinobi 2 Grab -- テスト忍殺2掴み,50100,10,1,0,0,0,50100010,0,0,0,1,0,[0|0]
150200000,Test Shinobi 1 Grab -- テスト忍殺1掴み,50200,0,1,0,0,0,50200000,0,0,0,1,0,[0|0]
150200010,Test Shinobi 2 Grab -- テスト忍殺2掴み,50200,10,1,0,0,0,50200010,0,0,0,1,0,[0|0]
150300000,Test Shinobi 1 Grab -- テスト忍殺1掴み,50300,0,1,0,0,0,50300000,0,0,0,1,0,[0|0]
150300010,Test Shinobi 2 Grab -- テスト忍殺2掴み,50300,10,1,0,0,0,50300010,0,0,0,1,0,[0|0]
150400000,Test Shinobi 1 Grab -- テスト忍殺1掴み,50400,0,1,0,0,0,50400000,0,0,0,1,0,[0|0]
150400010,Test Shinobi 2 Grab -- テスト忍殺2掴み,50400,10,1,0,0,0,50400010,0,0,0,1,0,[0|0]
