ID,Name,lockParamId0,camParamId0,beginTime0,endTime0,lockParamId1,camParamId1,beginTime1,endTime1,lockParamId2,camParamId2,beginTime2,endTime2,lockParamId3,camParamId3,beginTime3,endTime3,lockParamId4,camParamId4,beginTime4,endTime4,lockParamId5,camParamId5,beginTime5,endTime5,lockParamId6,camParamId6,beginTime6,endTime6,lockParamId7,camParamId7,beginTime7,endTime7,lockParamId8,camParamId8,beginTime8,endTime8,lockParamId9,camParamId9,beginTime9,endTime9,lockParamId10,camParamId10,beginTime10,endTime10,lockParamId11,camParamId11,beginTime11,endTime11,lockParamId12,camParamId12,beginTime12,endTime12,lockParamId13,camParamId13,beginTime13,endTime13,lockParamId14,camParamId14,beginTime14,endTime14,lockParamId15,camParamId15,beginTime15,endTime15,lockParamId16,camParamId16,beginTime16,endTime16,lockParamId17,camParamId17,beginTime17,endTime17,lockParamId18,camParamId18,beginTime18,endTime18,lockParamId19,camParamId19,beginTime19,endTime19,lockParamId20,camParamId20,beginTime20,endTime20,lockParamId21,camParamId21,beginTime21,endTime21,lockParamId22,camParamId22,beginTime22,endTime22,lockParamId23,camParamId23,beginTime23,endTime23,lockParamId24,camParamId24,beginTime24,endTime24,lockParamId25,camParamId25,beginTime25,endTime25,lockParamId26,camParamId26,beginTime26,endTime26,lockParamId27,camParamId27,beginTime27,endTime27,lockParamId28,camParamId28,beginTime28,endTime28,lockParamId29,camParamId29,beginTime29,endTime29,lockParamId30,camParamId30,beginTime30,endTime30,lockParamId31,camParamId31,beginTime31,endTime31,lockParamId32,camParamId32,beginTime32,endTime32,lockParamId33,camParamId33,beginTime33,endTime33,lockParamId34,camParamId34,beginTime34,endTime34,lockParamId35,camParamId35,beginTime35,endTime35,lockParamId36,camParamId36,beginTime36,endTime36,lockParamId37,camParamId37,beginTime37,endTime37,lockParamId38,camParamId38,beginTime38,endTime38,lockParamId39,camParamId39,beginTime39,endTime39,lockParamId40,camParamId40,beginTime40,endTime40,lockParamId41,camParamId41,beginTime41,endTime41,lockParamId42,camParamId42,beginTime42,endTime42,lockParamId43,camParamId43,beginTime43,endTime43,lockParamId44,camParamId44,beginTime44,endTime44,
0,Default_normal -- デフォルト_通常,0,0,0,0,100,100,0.5,0.5,200,200,0.5,0.2,300,300,0.5,0.2,300,400,0.5,0.2,500,500,0.5,0.5,0,0,0.1,0.5,700,700,2,0.25,0,0,0.5,0.5,0,900,0.1,0.5,0,1000,0.1,0.5,0,0,0.5,0.5,0,0,0.5,0.5,0,0,0.5,0.5,0,0,0.5,0.5,0,0,0.5,0.5,0,1600,0.1,0.5,0,1700,0.1,0.5,0,1800,0.3,0.5,0,0,0.5,0.5,2000,2000,0.1,0.5,2000,2100,0.1,0.5,0,0,0.5,0.5,0,0,0.5,0.5,0,0,0.5,0.5,0,0,0.5,0.5,2600,2600,0.1,0.5,2700,2000,0.3,0.5,0,0,0.5,0.5,0,0,0.5,0.5,3000,3000,0.3,0.5,3000,3100,0.1,0.5,3200,3200,0.1,0.5,3200,3300,0.1,0.5,3400,3400,0.1,0.5,3400,3500,0.1,0.5,0,0,0,0,3700,3000,0.3,0.5,0,0,0,0,0,0,0,0,0,4000,0,1,0,0,0,0,0,0,0,0,4300,4300,0.1,0.5,4400,4400,0.1,0.5
1,Default_narrow space -- デフォルト_狭所,1,0,0,0,101,100,0.5,0.5,201,200,0.5,0.2,301,300,0.5,0.2,301,400,0.5,0.2,501,500,0.5,0.5,1,0,0.1,0.5,701,700,2,0.25,0,0,0.5,0.5,1,900,0.1,0.5,1,1000,0.1,0.5,0,0,0.5,0.5,0,0,0.5,0.5,0,0,0.5,0.5,0,0,0.5,0.5,0,0,0.5,0.5,1,1600,0.1,0.5,1,1700,0.1,0.5,1,1800,0.3,0.5,0,0,0.5,0.5,2000,2000,0.1,0.5,2000,2100,0.1,0.5,0,0,0.5,0.5,0,0,0.5,0.5,0,0,0.5,0.5,0,0,0.5,0.5,2600,2600,0.1,0.5,2700,2000,0.3,0.5,0,0,0.5,0.5,0,0,0.5,0.5,3000,3000,0.3,0.5,3000,3100,0.1,0.5,3200,3200,0.1,0.5,3200,3300,0.1,0.5,3400,3400,0.1,0.5,3400,3500,0.1,0.5,0,0,0,0,3700,3000,0.3,0.5,0,0,0,0,0,0,0,0,1,4000,0,1,0,0,0,0,0,0,0,0,4300,4300,0.1,0.5,4400,4400,0.1,0.5
2,Default_Indoor wide -- デフォルト_屋内広め,2,0,0,0,102,100,0.5,0.5,202,200,0.5,0.2,302,300,0.5,0.2,302,400,0.5,0.2,502,500,0.5,0.5,2,0,0.1,0.5,702,700,2,0.25,0,0,0.5,0.5,2,900,0.1,0.5,2,1000,0.1,0.5,0,0,0.5,0.5,0,0,0.5,0.5,0,0,0.5,0.5,0,0,0.5,0.5,0,0,0.5,0.5,2,1600,0.1,0.5,2,1700,0.1,0.5,2,1800,0.3,0.5,0,0,0.5,0.5,2000,2000,0.1,0.5,2000,2100,0.1,0.5,0,0,0.5,0.5,0,0,0.5,0.5,0,0,0.5,0.5,0,0,0.5,0.5,2600,2600,0.1,0.5,2700,2000,0.3,0.5,0,0,0.5,0.5,0,0,0.5,0.5,3000,3000,0.3,0.5,3000,3100,0.1,0.5,3200,3200,0.1,0.5,3200,3300,0.1,0.5,3400,3400,0.1,0.5,3400,3500,0.1,0.5,0,0,0,0,3700,3000,0.3,0.5,0,0,0,0,0,0,0,0,2,4000,0,1,0,0,0,0,0,0,0,0,4300,4300,0.1,0.5,4400,4400,0.1,0.5
3,Default_up wire -- デフォルト_上りワイヤー,0,0,0,0,100,100,0.5,0.5,200,200,0.5,0.2,300,300,0.5,0.2,300,400,0.5,0.2,500,500,0.5,0.5,0,0,0.1,0.5,700,700,2,0.25,0,0,0.5,0.5,0,903,0.1,0.5,0,1000,0.1,0.5,0,0,0.5,0.5,0,0,0.5,0.5,0,0,0.5,0.5,0,0,0.5,0.5,0,0,0.5,0.5,0,1600,0.1,0.5,0,1703,0.1,0.5,0,1803,0.3,0.5,0,0,0.5,0.5,2000,2000,0.1,0.5,2000,2100,0.1,0.5,0,0,0.5,0.5,0,0,0.5,0.5,0,0,0.5,0.5,0,0,0.5,0.5,2600,2600,0.1,0.5,2700,2000,0.3,0.5,0,0,0.5,0.5,0,0,0.5,0.5,3000,3000,0.3,0.5,3000,3100,0.1,0.5,3200,3200,0.1,0.5,3200,3300,0.1,0.5,3400,3400,0.1,0.5,3400,3500,0.1,0.5,0,0,0,0,3700,3000,0.3,0.5,0,0,0,0,0,0,0,0,0,4000,0,1,0,0,0,0,0,0,0,0,4300,4300,0.1,0.5,4400,4400,0.1,0.5
4,Default_underfloor -- デフォルト_床下,1,0,0,0,100,104,0.5,0.5,201,200,0.5,0.2,301,300,0.5,0.2,301,400,0.5,0.2,501,500,0.5,0.5,1,0,0.1,0.5,700,700,2,0.25,0,0,0.5,0.5,1,900,0.1,0.5,1,1000,0.1,0.5,0,0,0.5,0.5,0,0,0.5,0.5,0,0,0.5,0.5,0,0,0.5,0.5,0,0,0.5,0.5,1,1600,0.1,0.5,1,1700,0.1,0.5,1,1800,0.3,0.5,0,0,0.5,0.5,2000,2000,0.1,0.5,2000,2100,0.1,0.5,0,0,0.5,0.5,0,0,0.5,0.5,0,0,0.5,0.5,0,0,0.5,0.5,2600,2600,0.1,0.5,2700,2000,0.3,0.5,0,0,0.5,0.5,0,0,0.5,0.5,3000,3000,0.3,0.5,3000,3100,0.1,0.5,3200,3200,0.1,0.5,3200,3300,0.1,0.5,3400,3400,0.1,0.5,3400,3500,0.1,0.5,0,0,0,0,3700,3000,0.3,0.5,0,0,0,0,0,0,0,0,1,4000,0,1,0,0,0,0,0,0,0,0,4300,4300,0.1,0.5,4400,4400,0.1,0.5
10,Default_infinite wall jump -- デフォルト_無限壁ジャンプ,10,0,0,0,110,100,0.5,0.5,200,200,0.5,0.2,300,300,0.5,0.2,300,400,0.5,0.2,500,500,0.5,0.5,10,0,0.1,0.5,700,700,2,0.25,0,0,0.5,0.5,10,900,0.1,0.5,10,1000,0.1,0.5,0,0,0.5,0.5,0,0,0.5,0.5,0,0,0.5,0.5,0,0,0.5,0.5,0,0,0.5,0.5,10,1600,0.1,0.5,10,1700,0.1,0.5,10,1800,0.3,0.5,0,0,0.5,0.5,2000,2000,0.1,0.5,2000,2100,0.1,0.5,0,0,0.5,0.5,0,0,0.5,0.5,0,0,0.5,0.5,0,0,0.5,0.5,2600,2600,0.1,0.5,2700,2000,0.3,0.5,0,0,0.5,0.5,0,0,0.5,0.5,3000,3000,0.3,0.5,3000,3100,0.1,0.5,3200,3200,0.1,0.5,3200,3300,0.1,0.5,3400,3400,0.1,0.5,3400,3500,0.1,0.5,0,0,0,0,3700,3000,0.3,0.5,0,0,0,0,0,0,0,0,10,4000,0,1,0,0,0,0,0,0,0,0,4300,4300,0.1,0.5,4400,4400,0.1,0.5
20,Default_Looking up / Looking down slope -- デフォルト_見上げ/見下ろし斜面,0,20,0,0,100,120,0.5,0.5,200,200,0.5,0.2,300,300,0.5,0.2,300,400,0.5,0.2,500,500,0.5,0.5,0,0,0.1,0.5,700,700,2,0.25,0,0,0.5,0.5,0,900,0.1,0.5,0,1000,0.1,0.5,0,0,0.5,0.5,0,0,0.5,0.5,0,0,0.5,0.5,0,0,0.5,0.5,0,0,0.5,0.5,0,1600,0.1,0.5,0,1700,0.1,0.5,0,1800,0.3,0.5,0,0,0.5,0.5,2000,2000,0.1,0.5,2000,2100,0.1,0.5,0,0,0.5,0.5,0,0,0.5,0.5,0,0,0.5,0.5,0,0,0.5,0.5,2600,2600,0.1,0.5,2700,2000,0.3,0.5,0,0,0.5,0.5,0,0,0.5,0.5,3000,3000,0.3,0.5,3000,3100,0.1,0.5,3200,3200,0.1,0.5,3200,3300,0.1,0.5,3400,3400,0.1,0.5,3400,3500,0.1,0.5,0,0,0,0,3700,3000,0.3,0.5,0,0,0,0,0,0,0,0,0,4000,0,1,0,0,0,0,0,0,0,0,4300,4300,0.1,0.5,4400,4400,0.1,0.5
1000000,[M10_00_Samurai residence] Normal state (default) -- 【m10_00_武家屋敷】通常状態（デフォルト）,0,0,0,0,100,100,0.5,0.5,200,200,0.5,0.2,300,300,0.5,0.2,300,400,0.5,0.2,500,500,0.5,0.5,0,0,0.1,0.5,700,700,2,0.25,0,0,0.5,0.5,0,900,0.1,0.5,0,1000,0.1,0.5,0,0,0.5,0.5,0,0,0.5,0.5,0,0,0.5,0.5,0,0,0.5,0.5,0,0,0.5,0.5,0,1600,0.1,0.5,0,1700,0.1,0.5,0,1800,0.3,0.5,0,0,0.5,0.5,2000,2000,0.1,0.5,2000,2100,0.1,0.5,0,0,0.5,0.5,0,0,0.5,0.5,0,0,0.5,0.5,0,0,0.5,0.5,2600,2600,0.1,0.5,2700,2000,0.3,0.5,0,0,0.5,0.5,0,0,0.5,0.5,3000,3000,0.3,0.5,3000,3100,0.1,0.5,3200,3200,0.1,0.5,3200,3300,0.1,0.5,3400,3400,0.1,0.5,3400,3500,0.1,0.5,0,0,0,0,3700,3000,0.3,0.5,0,0,0,0,0,0,0,0,0,4000,0,1,0,0,0,0,0,0,0,0,4300,4300,0.1,0.5,4400,4400,0.1,0.5
1000001,[M10_00_Samurai residence] Narrow space (default) -- 【m10_00_武家屋敷】狭所（デフォルト）,1,0,0,0,101,100,0.5,0.5,201,200,0.5,0.2,301,300,0.5,0.2,301,400,0.5,0.2,501,500,0.5,0.5,1,0,0.1,0.5,701,700,2,0.25,0,0,0.5,0.5,1,900,0.1,0.5,1,1000,0.1,0.5,0,0,0.5,0.5,0,0,0.5,0.5,0,0,0.5,0.5,0,0,0.5,0.5,0,0,0.5,0.5,1,1600,0.1,0.5,1,1700,0.1,0.5,1,1800,0.3,0.5,0,0,0.5,0.5,2000,2000,0.1,0.5,2000,2100,0.1,0.5,0,0,0.5,0.5,0,0,0.5,0.5,0,0,0.5,0.5,0,0,0.5,0.5,2600,2600,0.1,0.5,2700,2000,0.3,0.5,0,0,0.5,0.5,0,0,0.5,0.5,3000,3000,0.3,0.5,3000,3100,0.1,0.5,3200,3200,0.1,0.5,3200,3300,0.1,0.5,3400,3400,0.1,0.5,3400,3500,0.1,0.5,0,0,0,0,3700,3000,0.3,0.5,0,0,0,0,0,0,0,0,1,4000,0,1,0,0,0,0,0,0,0,0,4300,4300,0.1,0.5,4400,4400,0.1,0.5
1000002,[M10_00_Samurai residence] Wide indoor (default) -- 【m10_00_武家屋敷】屋内広め（デフォルト）,2,0,0,0,102,100,0.5,0.5,202,200,0.5,0.2,302,300,0.5,0.2,302,400,0.5,0.2,502,500,0.5,0.5,2,0,0.1,0.5,702,700,2,0.25,0,0,0.5,0.5,2,900,0.1,0.5,2,1000,0.1,0.5,0,0,0.5,0.5,0,0,0.5,0.5,0,0,0.5,0.5,0,0,0.5,0.5,0,0,0.5,0.5,2,1600,0.1,0.5,2,1700,0.1,0.5,2,1800,0.3,0.5,0,0,0.5,0.5,2000,2000,0.1,0.5,2000,2100,0.1,0.5,0,0,0.5,0.5,0,0,0.5,0.5,0,0,0.5,0.5,0,0,0.5,0.5,2600,2600,0.1,0.5,2700,2000,0.3,0.5,0,0,0.5,0.5,0,0,0.5,0.5,3000,3000,0.3,0.5,3000,3100,0.1,0.5,3200,3200,0.1,0.5,3200,3300,0.1,0.5,3400,3400,0.1,0.5,3400,3500,0.1,0.5,0,0,0,0,3700,3000,0.3,0.5,0,0,0,0,0,0,0,0,2,4000,0,1,0,0,0,0,0,0,0,0,4300,4300,0.1,0.5,4400,4400,0.1,0.5
1000003,[M10_00_Samurai residence] Up wire (default) -- 【m10_00_武家屋敷】上りワイヤー（デフォルト）,0,0,0,0,100,100,0.5,0.5,200,200,0.5,0.2,300,300,0.5,0.2,300,400,0.5,0.2,500,500,0.5,0.5,0,0,0.1,0.5,700,700,2,0.25,0,0,0.5,0.5,0,903,0.1,0.5,0,1000,0.1,0.5,0,0,0.5,0.5,0,0,0.5,0.5,0,0,0.5,0.5,0,0,0.5,0.5,0,0,0.5,0.5,0,1600,0.1,0.5,0,1703,0.1,0.5,0,1803,0.3,0.5,0,0,0.5,0.5,2000,2000,0.1,0.5,2000,2100,0.1,0.5,0,0,0.5,0.5,0,0,0.5,0.5,0,0,0.5,0.5,0,0,0.5,0.5,2600,2600,0.1,0.5,2700,2000,0.3,0.5,0,0,0.5,0.5,0,0,0.5,0.5,3000,3000,0.3,0.5,3000,3100,0.1,0.5,3200,3200,0.1,0.5,3200,3300,0.1,0.5,3400,3400,0.1,0.5,3400,3500,0.1,0.5,0,0,0,0,3700,3000,0.3,0.5,0,0,0,0,0,0,0,0,0,4000,0,1,0,0,0,0,0,0,0,0,4300,4300,0.1,0.5,4400,4400,0.1,0.5
1000031,[M10_00_Samurai residence] Narrow space (for stairs in front of the boss) -- 【m10_00_武家屋敷】狭所（ボス前階段専用）,1,31,0,0,101,131,0.5,0.5,201,200,0.5,0.2,301,300,0.5,0.2,301,400,0.5,0.2,501,500,0.5,0.5,1,0,0.1,0.5,701,700,2,0.25,0,0,0.5,0.5,1,900,0.1,0.5,1,1000,0.1,0.5,0,0,0.5,0.5,0,0,0.5,0.5,0,0,0.5,0.5,0,0,0.5,0.5,0,0,0.5,0.5,1,1600,0.1,0.5,1,1700,0.1,0.5,1,1800,0.3,0.5,0,0,0.5,0.5,2000,2000,0.1,0.5,2000,2100,0.1,0.5,0,0,0.5,0.5,0,0,0.5,0.5,0,0,0.5,0.5,0,0,0.5,0.5,2600,2600,0.1,0.5,2700,2000,0.3,0.5,0,0,0.5,0.5,0,0,0.5,0.5,3000,3000,0.3,0.5,3000,3100,0.1,0.5,3200,3200,0.1,0.5,3200,3300,0.1,0.5,3400,3400,0.1,0.5,3400,3500,0.1,0.5,0,0,0,0,3700,3000,0.3,0.5,0,0,0,0,0,0,0,0,1,4000,0,1,0,0,0,0,0,0,0,0,4300,4300,0.1,0.5,4400,4400,0.1,0.5
1000500,[M10_00_Samurai residence] Butterfly_Normal -- 【m10_00_武家屋敷】お蝶_通常,5090000,0,0,0,5090001,100,0.5,0.5,200,200,0.5,0.2,300,300,0.5,0.2,300,400,0.5,0.2,500,500,0.5,0.5,5090000,0,0.1,0.5,5090007,700,2,0.25,0,0,0.5,0.5,5090000,900,0.1,0.5,5090000,1000,0.1,0.5,0,0,0.5,0.5,0,0,0.5,0.5,0,0,0.5,0.5,0,0,0.5,0.5,0,0,0.5,0.5,5090000,1600,0.1,0.5,5090000,1700,0.1,0.5,5090000,1800,0.3,0.5,0,0,0.5,0.5,2000,2000,0.1,0.5,2000,2100,0.1,0.5,0,0,0.5,0.5,0,0,0.5,0.5,0,0,0.5,0.5,0,0,0.5,0.5,2600,2600,0.1,0.5,2700,2000,0.3,0.5,0,0,0.5,0.5,0,0,0.5,0.5,3000,3000,0.3,0.5,3000,3100,0.1,0.5,3200,3200,0.1,0.5,3200,3300,0.1,0.5,3400,3400,0.1,0.5,3400,3500,0.1,0.5,0,0,0,0,3700,3000,0.3,0.5,0,0,0,0,0,0,0,0,5090000,4000,0,1,0,0,0,0,0,0,0,0,4300,4300,0.1,0.5,4400,4400,0.1,0.5
1000501,[M10_00_Samurai residence] Butterfly_Attack that moves sharply from side to side -- 【m10_00_武家屋敷】お蝶_左右に鋭く動く攻撃,5090000,5090100,0,0,5090001,5090101,0.5,0.5,200,200,0.5,0.2,300,300,0.5,0.2,300,400,0.5,0.2,500,500,0.5,0.5,5090000,5090100,0.1,0.5,5090007,5090107,2,0.25,0,0,0.5,0.5,5090000,5090100,0.1,0.5,5090000,5090100,0.1,0.5,0,0,0.5,0.5,0,0,0.5,0.5,0,0,0.5,0.5,0,0,0.5,0.5,0,0,0.5,0.5,5090000,5090100,0.1,0.5,5090000,5090100,0.1,0.5,5090000,5090100,0.3,0.5,0,0,0.5,0.5,2000,2000,0.1,0.5,2000,2100,0.1,0.5,0,0,0.5,0.5,0,0,0.5,0.5,0,0,0.5,0.5,0,0,0.5,0.5,2600,2600,0.1,0.5,2700,2000,0.3,0.5,0,0,0.5,0.5,0,0,0.5,0.5,3000,3000,0.3,0.5,3000,3100,0.1,0.5,3200,3200,0.1,0.5,3200,3300,0.1,0.5,3400,3400,0.1,0.5,3400,3500,0.1,0.5,0,0,0,0,3700,3000,0.3,0.5,0,0,0,0,0,0,0,0,5090000,4000,0,1,0,0,0,0,0,0,0,0,4300,4300,0.1,0.5,4400,4400,0.1,0.5
1000510,[M10_00_Samurai Residence] Chief of Ninja Army (True) _Normal -- 【m10_00_武家屋敷】忍軍の長(真)_通常,5061000,0,0,0,5061001,100,0.5,0.5,200,200,0.5,0.2,300,300,0.5,0.2,300,400,0.5,0.2,500,500,0.5,0.5,5061000,0,0.1,0.5,5061007,700,2,0.25,0,0,0.5,0.5,5061000,900,0.1,0.5,5061000,1000,0.1,0.5,0,0,0.5,0.5,0,0,0.5,0.5,0,0,0.5,0.5,0,0,0.5,0.5,0,0,0.5,0.5,5061000,1600,0.1,0.5,5061000,1700,0.1,0.5,5061000,1800,0.3,0.5,0,0,0.5,0.5,2000,2000,0.1,0.5,2000,2100,0.1,0.5,0,0,0.5,0.5,0,0,0.5,0.5,0,0,0.5,0.5,0,0,0.5,0.5,2600,2600,0.1,0.5,2700,2000,0.3,0.5,0,0,0.5,0.5,0,0,0.5,0.5,3000,3000,0.3,0.5,3000,3100,0.1,0.5,3200,3200,0.1,0.5,3200,3300,0.1,0.5,3400,3400,0.1,0.5,3400,3500,0.1,0.5,0,0,0,0,3700,3000,0.3,0.5,0,0,0,0,0,0,0,0,5061000,4000,0,1,0,0,0,0,0,0,0,0,4300,4300,0.1,0.5,4400,4400,0.1,0.5
1100000,[M11_00_Castle] Normal state (default) -- 【m11_00_城下】通常状態（デフォルト）,0,0,0,0,100,100,0.5,0.5,200,200,0.5,0.2,300,300,0.5,0.2,300,400,0.5,0.2,500,500,0.5,0.5,0,0,0.1,0.5,700,700,2,0.25,0,0,0.5,0.5,0,900,0.1,0.5,0,1000,0.1,0.5,0,0,0.5,0.5,0,0,0.5,0.5,0,0,0.5,0.5,0,0,0.5,0.5,0,0,0.5,0.5,0,1600,0.1,0.5,0,1700,0.1,0.5,0,1800,0.3,0.5,0,0,0.5,0.5,2000,2000,0.1,0.5,2000,2100,0.1,0.5,0,0,0.5,0.5,0,0,0.5,0.5,0,0,0.5,0.5,0,0,0.5,0.5,2600,2600,0.1,0.5,2700,2000,0.3,0.5,0,0,0.5,0.5,0,0,0.5,0.5,3000,3000,0.3,0.5,3000,3100,0.1,0.5,3200,3200,0.1,0.5,3200,3300,0.1,0.5,3400,3400,0.1,0.5,3400,3500,0.1,0.5,0,0,0,0,3700,3000,0.3,0.5,0,0,0,0,0,0,0,0,0,4000,0,1,0,0,0,0,0,0,0,0,4300,4300,0.1,0.5,4400,4400,0.1,0.5
1100001,[M11_00_ Castle] Narrow space (default) -- 【m11_00_城下】狭所（デフォルト）,1,0,0,0,101,100,0.5,0.5,201,200,0.5,0.2,301,300,0.5,0.2,301,400,0.5,0.2,501,500,0.5,0.5,1,0,0.1,0.5,701,700,2,0.25,0,0,0.5,0.5,1,900,0.1,0.5,1,1000,0.1,0.5,0,0,0.5,0.5,0,0,0.5,0.5,0,0,0.5,0.5,0,0,0.5,0.5,0,0,0.5,0.5,1,1600,0.1,0.5,1,1700,0.1,0.5,1,1800,0.3,0.5,0,0,0.5,0.5,2000,2000,0.1,0.5,2000,2100,0.1,0.5,0,0,0.5,0.5,0,0,0.5,0.5,0,0,0.5,0.5,0,0,0.5,0.5,2600,2600,0.1,0.5,2700,2000,0.3,0.5,0,0,0.5,0.5,0,0,0.5,0.5,3000,3000,0.3,0.5,3000,3100,0.1,0.5,3200,3200,0.1,0.5,3200,3300,0.1,0.5,3400,3400,0.1,0.5,3400,3500,0.1,0.5,0,0,0,0,3700,3000,0.3,0.5,0,0,0,0,0,0,0,0,1,4000,0,1,0,0,0,0,0,0,0,0,4300,4300,0.1,0.5,4400,4400,0.1,0.5
1100002,[M11_00_ Castle] Wide indoor (default) -- 【m11_00_城下】屋内広め（デフォルト）,2,0,0,0,102,100,0.5,0.5,202,200,0.5,0.2,302,300,0.5,0.2,302,400,0.5,0.2,502,500,0.5,0.5,2,0,0.1,0.5,702,700,2,0.25,0,0,0.5,0.5,2,900,0.1,0.5,2,1000,0.1,0.5,0,0,0.5,0.5,0,0,0.5,0.5,0,0,0.5,0.5,0,0,0.5,0.5,0,0,0.5,0.5,2,1600,0.1,0.5,2,1700,0.1,0.5,2,1800,0.3,0.5,0,0,0.5,0.5,2000,2000,0.1,0.5,2000,2100,0.1,0.5,0,0,0.5,0.5,0,0,0.5,0.5,0,0,0.5,0.5,0,0,0.5,0.5,2600,2600,0.1,0.5,2700,2000,0.3,0.5,0,0,0.5,0.5,0,0,0.5,0.5,3000,3000,0.3,0.5,3000,3100,0.1,0.5,3200,3200,0.1,0.5,3200,3300,0.1,0.5,3400,3400,0.1,0.5,3400,3500,0.1,0.5,0,0,0,0,3700,3000,0.3,0.5,0,0,0,0,0,0,0,0,2,4000,0,1,0,0,0,0,0,0,0,0,4300,4300,0.1,0.5,4400,4400,0.1,0.5
1100003,[M11_00_ Castle] Up wire (default) -- 【m11_00_城下】上りワイヤー（デフォルト）,0,0,0,0,100,100,0.5,0.5,200,200,0.5,0.2,300,300,0.5,0.2,300,400,0.5,0.2,500,500,0.5,0.5,0,0,0.1,0.5,700,700,2,0.25,0,0,0.5,0.5,0,903,0.1,0.5,0,1000,0.1,0.5,0,0,0.5,0.5,0,0,0.5,0.5,0,0,0.5,0.5,0,0,0.5,0.5,0,0,0.5,0.5,0,1600,0.1,0.5,0,1703,0.1,0.5,0,1803,0.3,0.5,0,0,0.5,0.5,2000,2000,0.1,0.5,2000,2100,0.1,0.5,0,0,0.5,0.5,0,0,0.5,0.5,0,0,0.5,0.5,0,0,0.5,0.5,2600,2600,0.1,0.5,2700,2000,0.3,0.5,0,0,0.5,0.5,0,0,0.5,0.5,3000,3000,0.3,0.5,3000,3100,0.1,0.5,3200,3200,0.1,0.5,3200,3300,0.1,0.5,3400,3400,0.1,0.5,3400,3500,0.1,0.5,0,0,0,0,3700,3000,0.3,0.5,0,0,0,0,0,0,0,0,0,4000,0,1,0,0,0,0,0,0,0,0,4300,4300,0.1,0.5,4400,4400,0.1,0.5
1100200,[M11_00_ Castle] With Shinboku front lining -- 【m11_00_城下】御神木前張り付き,0,0,0,0,100,100,0.5,0.5,221,200,0.5,0.2,300,300,0.5,0.2,300,400,0.5,0.2,500,500,0.5,0.5,0,0,0.1,0.5,700,700,2,0.25,0,0,0.5,0.5,0,900,0.1,0.5,0,1000,0.1,0.5,0,0,0.5,0.5,0,0,0.5,0.5,0,0,0.5,0.5,0,0,0.5,0.5,0,0,0.5,0.5,0,1600,0.1,0.5,0,1700,0.1,0.5,0,1800,0.3,0.5,0,0,0.5,0.5,2000,2000,0.1,0.5,2000,2100,0.1,0.5,0,0,0.5,0.5,0,0,0.5,0.5,0,0,0.5,0.5,0,0,0.5,0.5,2600,2600,0.1,0.5,2700,2000,0.3,0.5,0,0,0.5,0.5,0,0,0.5,0.5,3000,3000,0.3,0.5,3000,3100,0.1,0.5,3200,3200,0.1,0.5,3200,3300,0.1,0.5,3400,3400,0.1,0.5,3400,3500,0.1,0.5,0,0,0,0,3700,3000,0.3,0.5,0,0,0,0,0,0,0,0,0,4000,0,1,0,0,0,0,0,0,0,0,4300,4300,0.1,0.5,4400,4400,0.1,0.5
1100201,[M11_00_ Castle] Infiltrate the litter -- 【m11_00_城下】輿に潜入,0,0,0,0,100,100,0.5,0.5,200,200,0.5,0.2,300,300,0.5,0.2,300,400,0.5,0.2,500,500,0.5,0.5,0,0,0.1,0.5,700,700,2,0.25,0,0,0.5,0.5,0,900,0.1,0.5,0,1000,0.1,0.5,0,0,0.5,0.5,0,0,0.5,0.5,0,0,0.5,0.5,0,0,0.5,0.5,0,0,0.5,0.5,0,1600,0.1,0.5,0,1700,0.1,0.5,0,1800,0.3,0.5,0,0,0.5,0.5,2000,2000,0.1,0.5,2000,2100,0.1,0.5,0,0,0.5,0.5,0,0,0.5,0.5,0,0,0.5,0.5,0,0,0.5,0.5,2600,2600,0.1,0.5,2700,2000,0.3,0.5,0,0,0.5,0.5,0,0,0.5,0.5,3000,3000,0.3,0.5,3000,3100,0.1,0.5,3200,3200,0.1,0.5,3200,3300,0.1,0.5,3400,3400,0.1,0.5,3400,3500,0.1,0.5,0,0,0,0,3700,3000,0.3,0.5,0,0,0,0,0,0,0,0,0,4000,0,1,0,0,0,0,0,0,0,0,4300,4300,0.1,0.5,4400,4400,0.1,0.5
1100500,[M11_00_Castle] Horse-riding warrior_Normal -- 【m11_00_城下】騎馬武者_通常,5080000,5080000,0,0,5080001,5080001,0.5,0.5,200,200,0.5,0.2,300,300,0.5,0.2,300,400,0.5,0.2,500,500,0.5,0.5,5080000,5080000,0.1,0.5,5080007,5080007,2,0.25,0,0,0.5,0.5,5080000,900,0.1,0.5,5080000,5080010,0.1,0.5,0,0,0.5,0.5,0,0,0.5,0.5,0,0,0.5,0.5,0,0,0.5,0.5,0,0,0.5,0.5,5080000,1600,0.1,0.5,5080000,1700,0.1,0.5,5080000,1800,0.3,0.5,0,0,0.5,0.5,2000,2000,0.1,0.5,2000,2100,0.1,0.5,0,0,0.5,0.5,0,0,0.5,0.5,0,0,0.5,0.5,0,0,0.5,0.5,2600,2600,0.1,0.5,2700,2000,0.3,0.5,0,0,0.5,0.5,0,0,0.5,0.5,3000,3000,0.3,0.5,3000,3100,0.1,0.5,3200,3200,0.1,0.5,3200,3300,0.1,0.5,3400,3400,0.1,0.5,3400,3500,0.1,0.5,0,0,0,0,3700,3000,0.3,0.5,0,0,0,0,0,0,0,0,5080000,4000,0,1,0,0,0,0,0,0,0,0,4300,4300,0.1,0.5,4400,4400,0.1,0.5
1100501,[M11_00_Castle] Cavalry warrior_Look up -- 【m11_00_城下】騎馬武者_見上げ,5080100,5080000,0,0,5080101,5080001,0.5,0.5,200,200,0.5,0.2,300,300,0.5,0.2,300,400,0.5,0.2,500,500,0.5,0.5,5080100,5080000,0.1,0.5,5080107,5080007,2,0.25,0,0,0.5,0.5,5080100,900,0.1,0.5,5080100,5080010,0.1,0.5,0,0,0.5,0.5,0,0,0.5,0.5,0,0,0.5,0.5,0,0,0.5,0.5,0,0,0.5,0.5,5080100,1600,0.1,0.5,5080100,1700,0.1,0.5,5080100,1800,0.3,0.5,0,0,0.5,0.5,2000,2000,0.1,0.5,2000,2100,0.1,0.5,0,0,0.5,0.5,0,0,0.5,0.5,0,0,0.5,0.5,0,0,0.5,0.5,2600,2600,0.1,0.5,2700,2000,0.3,0.5,0,0,0.5,0.5,0,0,0.5,0.5,3000,3000,0.3,0.5,3000,3100,0.1,0.5,3200,3200,0.1,0.5,3200,3300,0.1,0.5,3400,3400,0.1,0.5,3400,3500,0.1,0.5,0,0,0,0,3700,3000,0.3,0.5,0,0,0,0,0,0,0,0,5080100,4000,0,1,0,0,0,0,0,0,0,0,4300,4300,0.1,0.5,4400,4400,0.1,0.5
1100502,[M11_00_Castle] Horse-riding warrior_close -- 【m11_00_城下】騎馬武者_寄り,5080200,5080000,0,0,5080201,5080001,0.5,0.5,200,200,0.5,0.2,300,300,0.5,0.2,300,400,0.5,0.2,500,500,0.5,0.5,5080200,5080000,0.1,0.5,5080207,5080007,2,0.25,0,0,0.5,0.5,5080200,900,0.1,0.5,5080200,5080010,0.1,0.5,0,0,0.5,0.5,0,0,0.5,0.5,0,0,0.5,0.5,0,0,0.5,0.5,0,0,0.5,0.5,5080200,1600,0.1,0.5,5080200,1700,0.1,0.5,5080200,1800,0.3,0.5,0,0,0.5,0.5,2000,2000,0.1,0.5,2000,2100,0.1,0.5,0,0,0.5,0.5,0,0,0.5,0.5,0,0,0.5,0.5,0,0,0.5,0.5,2600,2600,0.1,0.5,2700,2000,0.3,0.5,0,0,0.5,0.5,0,0,0.5,0.5,3000,3000,0.3,0.5,3000,3100,0.1,0.5,3200,3200,0.1,0.5,3200,3300,0.1,0.5,3400,3400,0.1,0.5,3400,3500,0.1,0.5,0,0,0,0,3700,3000,0.3,0.5,0,0,0,0,0,0,0,0,5080200,4000,0,1,0,0,0,0,0,0,0,0,4300,4300,0.1,0.5,4400,4400,0.1,0.5
1100510,[M11_00_Castle] Buddhist demon _Normal -- 【m11_00_城下】仏師鬼_通常,7020000,7020000,0,0,7020001,7020001,0.5,0.5,200,200,0.5,0.2,300,300,0.5,0.2,300,400,0.5,0.2,500,500,0.5,0.5,7020000,7020000,0.1,0.5,7020007,7020007,2,0.25,0,0,0.5,0.5,7020000,7020000,0.1,0.5,7020000,7020000,0.1,0.5,0,0,0.5,0.5,0,0,0.5,0.5,0,0,0.5,0.5,0,0,0.5,0.5,0,0,0.5,0.5,7020000,7020000,0.1,0.5,7020000,7020000,0.1,0.5,7020000,7020000,0.3,0.5,0,0,0.5,0.5,2000,2000,0.1,0.5,2000,2100,0.1,0.5,0,0,0.5,0.5,0,0,0.5,0.5,0,0,0.5,0.5,0,0,0.5,0.5,2600,2600,0.1,0.5,2700,2000,0.3,0.5,0,0,0.5,0.5,0,0,0.5,0.5,3000,3000,0.3,0.5,3000,3100,0.1,0.5,3200,3200,0.1,0.5,3200,3300,0.1,0.5,3400,3400,0.1,0.5,3400,3500,0.1,0.5,0,0,0,0,3700,3000,0.3,0.5,0,0,0,0,0,0,0,0,7020000,4000,0,1,0,0,0,0,0,0,0,0,4300,4300,0.1,0.5,4400,4400,0.1,0.5
1100511,[M11_00_Castle] Buddhist demon_Jumping -- 【m11_00_城下】仏師鬼_ジャンプ中,7020100,7020000,0,0,7020101,7020001,0.5,0.5,200,200,0.5,0.2,300,300,0.5,0.2,300,400,0.5,0.2,500,500,0.5,0.5,7020100,7020000,0.1,0.5,7020107,7020007,2,0.25,0,0,0.5,0.5,7020100,7020000,0.1,0.5,7020100,7020000,0.1,0.5,0,0,0.5,0.5,0,0,0.5,0.5,0,0,0.5,0.5,0,0,0.5,0.5,0,0,0.5,0.5,7020100,7020000,0.1,0.5,7020100,7020000,0.1,0.5,7020100,7020000,0.3,0.5,0,0,0.5,0.5,2000,2000,0.1,0.5,2000,2100,0.1,0.5,0,0,0.5,0.5,0,0,0.5,0.5,0,0,0.5,0.5,0,0,0.5,0.5,2600,2600,0.1,0.5,2700,2000,0.3,0.5,0,0,0.5,0.5,0,0,0.5,0.5,3000,3000,0.3,0.5,3000,3100,0.1,0.5,3200,3200,0.1,0.5,3200,3300,0.1,0.5,3400,3400,0.1,0.5,3400,3500,0.1,0.5,0,0,0,0,3700,3000,0.3,0.5,0,0,0,0,0,0,0,0,7020100,4000,0,1,0,0,0,0,0,0,0,0,4300,4300,0.1,0.5,4400,4400,0.1,0.5
1100512,[M11_00_Castle] Buddhist demon _Jump Lower attack -- 【m11_00_城下】仏師鬼_ジャンプ下段攻撃中,7020200,7020000,0,0,7020201,7020001,0.5,0.5,200,200,0.5,0.2,300,300,0.5,0.2,300,400,0.5,0.2,500,500,0.5,0.5,7020200,7020000,0.1,0.5,7020207,7020007,2,0.25,0,0,0.5,0.5,7020200,7020000,0.1,0.5,7020200,7020000,0.1,0.5,0,0,0.5,0.5,0,0,0.5,0.5,0,0,0.5,0.5,0,0,0.5,0.5,0,0,0.5,0.5,7020200,7020000,0.1,0.5,7020200,7020000,0.1,0.5,7020200,7020000,0.3,0.5,0,0,0.5,0.5,2000,2000,0.1,0.5,2000,2100,0.1,0.5,0,0,0.5,0.5,0,0,0.5,0.5,0,0,0.5,0.5,0,0,0.5,0.5,2600,2600,0.1,0.5,2700,2000,0.3,0.5,0,0,0.5,0.5,0,0,0.5,0.5,3000,3000,0.3,0.5,3000,3100,0.1,0.5,3200,3200,0.1,0.5,3200,3300,0.1,0.5,3400,3400,0.1,0.5,3400,3500,0.1,0.5,0,0,0,0,3700,3000,0.3,0.5,0,0,0,0,0,0,0,0,7020200,4000,0,1,0,0,0,0,0,0,0,0,4300,4300,0.1,0.5,4400,4400,0.1,0.5
1100513,[M11_00_Castle] Buddhist demon _ Growing up -- 【m11_00_城下】仏師鬼_伸び上がり中,7020300,7020000,0,0,7020301,7020001,0.5,0.5,200,200,0.5,0.2,300,300,0.5,0.2,300,400,0.5,0.2,500,500,0.5,0.5,7020300,7020000,0.1,0.5,7020307,7020007,2,0.25,0,0,0.5,0.5,7020300,7020000,0.1,0.5,7020300,7020000,0.1,0.5,0,0,0.5,0.5,0,0,0.5,0.5,0,0,0.5,0.5,0,0,0.5,0.5,0,0,0.5,0.5,7020300,7020000,0.1,0.5,7020300,7020000,0.1,0.5,7020300,7020000,0.3,0.5,0,0,0.5,0.5,2000,2000,0.1,0.5,2000,2100,0.1,0.5,0,0,0.5,0.5,0,0,0.5,0.5,0,0,0.5,0.5,0,0,0.5,0.5,2600,2600,0.1,0.5,2700,2000,0.3,0.5,0,0,0.5,0.5,0,0,0.5,0.5,3000,3000,0.3,0.5,3000,3100,0.1,0.5,3200,3200,0.1,0.5,3200,3300,0.1,0.5,3400,3400,0.1,0.5,3400,3500,0.1,0.5,0,0,0,0,3700,3000,0.3,0.5,0,0,0,0,0,0,0,0,7020300,4000,0,1,0,0,0,0,0,0,0,0,4300,4300,0.1,0.5,4400,4400,0.1,0.5
1101000,[M11_01_Honjo] Normal state (default) -- 【m11_01_本城】通常状態（デフォルト）,0,0,0,0,100,100,0.5,0.5,200,200,0.5,0.2,300,300,0.5,0.2,300,400,0.5,0.2,500,500,0.5,0.5,0,0,0.1,0.5,700,700,2,0.25,0,0,0.5,0.5,0,900,0.1,0.5,0,1000,0.1,0.5,0,0,0.5,0.5,0,0,0.5,0.5,0,0,0.5,0.5,0,0,0.5,0.5,0,0,0.5,0.5,0,1600,0.1,0.5,0,1700,0.1,0.5,0,1800,0.3,0.5,0,0,0.5,0.5,2000,2000,0.1,0.5,2000,2100,0.1,0.5,0,0,0.5,0.5,0,0,0.5,0.5,0,0,0.5,0.5,0,0,0.5,0.5,2600,2600,0.1,0.5,2700,2000,0.3,0.5,0,0,0.5,0.5,0,0,0.5,0.5,3000,3000,0.3,0.5,3000,3100,0.1,0.5,3200,3200,0.1,0.5,3200,3300,0.1,0.5,3400,3400,0.1,0.5,3400,3500,0.1,0.5,0,0,0,0,3700,3000,0.3,0.5,0,0,0,0,0,0,0,0,0,4000,0,1,0,0,0,0,0,0,0,0,4300,4300,0.1,0.5,4400,4400,0.1,0.5
1101001,[M11_01_Honjo] Narrow space (default) -- 【m11_01_本城】狭所（デフォルト）,1,0,0,0,101,100,0.5,0.5,201,200,0.5,0.2,301,300,0.5,0.2,301,400,0.5,0.2,501,500,0.5,0.5,1,0,0.1,0.5,701,700,2,0.25,0,0,0.5,0.5,1,900,0.1,0.5,1,1000,0.1,0.5,0,0,0.5,0.5,0,0,0.5,0.5,0,0,0.5,0.5,0,0,0.5,0.5,0,0,0.5,0.5,1,1600,0.1,0.5,1,1700,0.1,0.5,1,1800,0.3,0.5,0,0,0.5,0.5,2000,2000,0.1,0.5,2000,2100,0.1,0.5,0,0,0.5,0.5,0,0,0.5,0.5,0,0,0.5,0.5,0,0,0.5,0.5,2600,2600,0.1,0.5,2700,2000,0.3,0.5,0,0,0.5,0.5,0,0,0.5,0.5,3000,3000,0.3,0.5,3000,3100,0.1,0.5,3200,3200,0.1,0.5,3200,3300,0.1,0.5,3400,3400,0.1,0.5,3400,3500,0.1,0.5,0,0,0,0,3700,3000,0.3,0.5,0,0,0,0,0,0,0,0,1,4000,0,1,0,0,0,0,0,0,0,0,4300,4300,0.1,0.5,4400,4400,0.1,0.5
1101002,[M11_01_Honjo] Wide indoor (default) -- 【m11_01_本城】屋内広め（デフォルト）,2,0,0,0,102,100,0.5,0.5,202,200,0.5,0.2,302,300,0.5,0.2,302,400,0.5,0.2,502,500,0.5,0.5,2,0,0.1,0.5,702,700,2,0.25,0,0,0.5,0.5,2,900,0.1,0.5,2,1000,0.1,0.5,0,0,0.5,0.5,0,0,0.5,0.5,0,0,0.5,0.5,0,0,0.5,0.5,0,0,0.5,0.5,2,1600,0.1,0.5,2,1700,0.1,0.5,2,1800,0.3,0.5,0,0,0.5,0.5,2000,2000,0.1,0.5,2000,2100,0.1,0.5,0,0,0.5,0.5,0,0,0.5,0.5,0,0,0.5,0.5,0,0,0.5,0.5,2600,2600,0.1,0.5,2700,2000,0.3,0.5,0,0,0.5,0.5,0,0,0.5,0.5,3000,3000,0.3,0.5,3000,3100,0.1,0.5,3200,3200,0.1,0.5,3200,3300,0.1,0.5,3400,3400,0.1,0.5,3400,3500,0.1,0.5,0,0,0,0,3700,3000,0.3,0.5,0,0,0,0,0,0,0,0,2,4000,0,1,0,0,0,0,0,0,0,0,4300,4300,0.1,0.5,4400,4400,0.1,0.5
1101003,[M11_01_Honjo] Up wire (default) -- 【m11_01_本城】上りワイヤー（デフォルト）,0,0,0,0,100,100,0.5,0.5,200,200,0.5,0.2,300,300,0.5,0.2,300,400,0.5,0.2,500,500,0.5,0.5,0,0,0.1,0.5,700,700,2,0.25,0,0,0.5,0.5,0,903,0.1,0.5,0,1000,0.1,0.5,0,0,0.5,0.5,0,0,0.5,0.5,0,0,0.5,0.5,0,0,0.5,0.5,0,0,0.5,0.5,0,1600,0.1,0.5,0,1703,0.1,0.5,0,1803,0.3,0.5,0,0,0.5,0.5,2000,2000,0.1,0.5,2000,2100,0.1,0.5,0,0,0.5,0.5,0,0,0.5,0.5,0,0,0.5,0.5,0,0,0.5,0.5,2600,2600,0.1,0.5,2700,2000,0.3,0.5,0,0,0.5,0.5,0,0,0.5,0.5,3000,3000,0.3,0.5,3000,3100,0.1,0.5,3200,3200,0.1,0.5,3200,3300,0.1,0.5,3400,3400,0.1,0.5,3400,3500,0.1,0.5,0,0,0,0,3700,3000,0.3,0.5,0,0,0,0,0,0,0,0,0,4000,0,1,0,0,0,0,0,0,0,0,4300,4300,0.1,0.5,4400,4400,0.1,0.5
1101020,[M11_01_Honjo] Looking up / looking down slope -- 【m11_01_本城】見上げ/見下ろし斜面,0,20,0,0,100,120,0.5,0.5,200,200,0.5,0.2,300,300,0.5,0.2,300,400,0.5,0.2,500,500,0.5,0.5,0,0,0.1,0.5,700,700,2,0.25,0,0,0.5,0.5,0,900,0.1,0.5,0,1000,0.1,0.5,0,0,0.5,0.5,0,0,0.5,0.5,0,0,0.5,0.5,0,0,0.5,0.5,0,0,0.5,0.5,0,1600,0.1,0.5,0,1700,0.1,0.5,0,1800,0.3,0.5,0,0,0.5,0.5,2000,2000,0.1,0.5,2000,2100,0.1,0.5,0,0,0.5,0.5,0,0,0.5,0.5,0,0,0.5,0.5,0,0,0.5,0.5,2600,2600,0.1,0.5,2700,2000,0.3,0.5,0,0,0.5,0.5,0,0,0.5,0.5,3000,3000,0.3,0.5,3000,3100,0.1,0.5,3200,3200,0.1,0.5,3200,3300,0.1,0.5,3400,3400,0.1,0.5,3400,3500,0.1,0.5,0,0,0,0,3700,3000,0.3,0.5,0,0,0,0,0,0,0,0,0,4000,0,1,0,0,0,0,0,0,0,0,4300,4300,0.1,0.5,4400,4400,0.1,0.5
1101500,[M11_01_Honjo] Rival_Normal -- 【m11_01_本城】ライバル_通常,7100000,0,0,0,7100001,100,0.5,0.5,200,200,0.5,0.2,300,300,0.5,0.2,300,400,0.5,0.2,500,500,0.5,0.5,7100000,0,0.1,0.5,7100007,700,2,0.25,0,0,0.5,0.5,7100000,900,0.1,0.5,7100000,1000,0.1,0.5,0,0,0.5,0.5,0,0,0.5,0.5,0,0,0.5,0.5,0,0,0.5,0.5,0,0,0.5,0.5,7100000,1600,0.1,0.5,7100000,1700,0.1,0.5,7100000,1800,0.3,0.5,0,0,0.5,0.5,2000,2000,0.1,0.5,2000,2100,0.1,0.5,0,0,0.5,0.5,0,0,0.5,0.5,0,0,0.5,0.5,0,0,0.5,0.5,2600,2600,0.1,0.5,2700,2000,0.3,0.5,0,0,0.5,0.5,0,0,0.5,0.5,3000,3000,0.3,0.5,3000,3100,0.1,0.5,3200,3200,0.1,0.5,3200,3300,0.1,0.5,3400,3400,0.1,0.5,3400,3500,0.1,0.5,0,0,0,0,3700,3000,0.3,0.5,0,0,0,0,0,0,0,0,7100000,4000,0,1,0,0,0,0,0,0,0,0,4300,4300,0.1,0.5,4400,4400,0.1,0.5
1101501,[M11_01_Honjo] Rival_Bow 4 consecutive shots -- 【m11_01_本城】ライバル_弓4連射,7100100,0,0,0,7100101,100,0.5,0.5,200,200,0.5,0.2,300,300,0.5,0.2,300,400,0.5,0.2,500,500,0.5,0.5,7100100,0,0.1,0.5,7100107,700,2,0.25,0,0,0.5,0.5,7100100,900,0.1,0.5,7100100,1000,0.1,0.5,0,0,0.5,0.5,0,0,0.5,0.5,0,0,0.5,0.5,0,0,0.5,0.5,0,0,0.5,0.5,7100100,1600,0.1,0.5,7100100,1700,0.1,0.5,7100100,1800,0.3,0.5,0,0,0.5,0.5,2000,2000,0.1,0.5,2000,2100,0.1,0.5,0,0,0.5,0.5,0,0,0.5,0.5,0,0,0.5,0.5,0,0,0.5,0.5,2600,2600,0.1,0.5,2700,2000,0.3,0.5,0,0,0.5,0.5,0,0,0.5,0.5,3000,3000,0.3,0.5,3000,3100,0.1,0.5,3200,3200,0.1,0.5,3200,3300,0.1,0.5,3400,3400,0.1,0.5,3400,3500,0.1,0.5,0,0,0,0,3700,3000,0.3,0.5,0,0,0,0,0,0,0,0,7100100,4000,0,1,0,0,0,0,0,0,0,0,4300,4300,0.1,0.5,4400,4400,0.1,0.5
1101510,[M11_01_Honjo] Kensei_Normal -- 【m11_01_本城】剣聖_通常,5400000,0,0,0,5400001,100,0.5,0.5,200,200,0.5,0.2,300,300,0.5,0.2,300,400,0.5,0.2,500,500,0.5,0.5,5400000,0,0.1,0.5,5400007,700,2,0.25,0,0,0.5,0.5,5400000,900,0.1,0.5,5400000,1000,0.1,0.5,0,0,0.5,0.5,0,0,0.5,0.5,0,0,0.5,0.5,0,0,0.5,0.5,0,0,0.5,0.5,5400000,1600,0.1,0.5,5400000,1700,0.1,0.5,5400000,1800,0.3,0.5,0,0,0.5,0.5,2000,2000,0.1,0.5,2000,2100,0.1,0.5,0,0,0.5,0.5,0,0,0.5,0.5,0,0,0.5,0.5,0,0,0.5,0.5,2600,2600,0.1,0.5,2700,2000,0.3,0.5,0,0,0.5,0.5,0,0,0.5,0.5,3000,3000,0.3,0.5,3000,3100,0.1,0.5,3200,3200,0.1,0.5,3200,3300,0.1,0.5,3400,3400,0.1,0.5,3400,3500,0.1,0.5,0,0,0,0,3700,3000,0.3,0.5,0,0,0,0,0,0,0,0,5400000,4000,0,1,0,0,0,0,0,0,0,0,4300,4300,0.1,0.5,4400,4400,0.1,0.5
1101520,[M11_01_Honjo] Chief of Ninja Army (Old) _Normal -- 【m11_01_本城】忍軍の長(老)_通常,5060000,0,0,0,5060001,100,0.5,0.5,200,200,0.5,0.2,300,300,0.5,0.2,300,400,0.5,0.2,500,500,0.5,0.5,5060000,0,0.1,0.5,5060007,700,2,0.25,0,0,0.5,0.5,5060000,900,0.1,0.5,5060000,1000,0.1,0.5,0,0,0.5,0.5,0,0,0.5,0.5,0,0,0.5,0.5,0,0,0.5,0.5,0,0,0.5,0.5,5060000,1600,0.1,0.5,5060000,1700,0.1,0.5,5060000,1800,0.3,0.5,0,0,0.5,0.5,2000,2000,0.1,0.5,2000,2100,0.1,0.5,0,0,0.5,0.5,0,0,0.5,0.5,0,0,0.5,0.5,0,0,0.5,0.5,2600,2600,0.1,0.5,2700,2000,0.3,0.5,0,0,0.5,0.5,0,0,0.5,0.5,3000,3000,0.3,0.5,3000,3100,0.1,0.5,3200,3200,0.1,0.5,3200,3300,0.1,0.5,3400,3400,0.1,0.5,3400,3500,0.1,0.5,0,0,0,0,3700,3000,0.3,0.5,0,0,0,0,0,0,0,0,5060000,4000,0,1,0,0,0,0,0,0,0,0,4300,4300,0.1,0.5,4400,4400,0.1,0.5
1101530,[M11_01_Honjo] Isei&#39;s daughter_Normal -- 【m11_01_本城】医聖の娘_通常,7400000,0,0,0,7400001,100,0.5,0.5,200,200,0.5,0.2,300,300,0.5,0.2,300,400,0.5,0.2,500,500,0.5,0.5,7400000,0,0.1,0.5,7400007,700,2,0.25,0,0,0.5,0.5,7400000,900,0.1,0.5,7400000,1000,0.1,0.5,0,0,0.5,0.5,0,0,0.5,0.5,0,0,0.5,0.5,0,0,0.5,0.5,0,0,0.5,0.5,7400000,1600,0.1,0.5,7400000,1700,0.1,0.5,7400000,1800,0.3,0.5,0,0,0.5,0.5,2000,2000,0.1,0.5,2000,2100,0.1,0.5,0,0,0.5,0.5,0,0,0.5,0.5,0,0,0.5,0.5,0,0,0.5,0.5,2600,2600,0.1,0.5,2700,2000,0.3,0.5,0,0,0.5,0.5,0,0,0.5,0.5,3000,3000,0.3,0.5,3000,3100,0.1,0.5,3200,3200,0.1,0.5,3200,3300,0.1,0.5,3400,3400,0.1,0.5,3400,3500,0.1,0.5,0,0,0,0,3700,3000,0.3,0.5,0,0,0,0,0,0,0,0,7400000,4000,0,1,0,0,0,0,0,0,0,0,4300,4300,0.1,0.5,4400,4400,0.1,0.5
1102000,[M11_02_Hidden prison] Normal state (default) -- 【m11_02_隠し牢】通常状態（デフォルト）,0,0,0,0,100,100,0.5,0.5,200,200,0.5,0.2,300,300,0.5,0.2,300,400,0.5,0.2,500,500,0.5,0.5,0,0,0.1,0.5,700,700,2,0.25,0,0,0.5,0.5,0,900,0.1,0.5,0,1000,0.1,0.5,0,0,0.5,0.5,0,0,0.5,0.5,0,0,0.5,0.5,0,0,0.5,0.5,0,0,0.5,0.5,0,1600,0.1,0.5,0,1700,0.1,0.5,0,1800,0.3,0.5,0,0,0.5,0.5,2000,2000,0.1,0.5,2000,2100,0.1,0.5,0,0,0.5,0.5,0,0,0.5,0.5,0,0,0.5,0.5,0,0,0.5,0.5,2600,2600,0.1,0.5,2700,2000,0.3,0.5,0,0,0.5,0.5,0,0,0.5,0.5,3000,3000,0.3,0.5,3000,3100,0.1,0.5,3200,3200,0.1,0.5,3200,3300,0.1,0.5,3400,3400,0.1,0.5,3400,3500,0.1,0.5,0,0,0,0,3700,3000,0.3,0.5,0,0,0,0,0,0,0,0,0,4000,0,1,0,0,0,0,0,0,0,0,4300,4300,0.1,0.5,4400,4400,0.1,0.5
1102001,[M11_02_Hidden prison] Narrow space (default) -- 【m11_02_隠し牢】狭所（デフォルト）,1,0,0,0,101,100,0.5,0.5,201,200,0.5,0.2,301,300,0.5,0.2,301,400,0.5,0.2,501,500,0.5,0.5,1,0,0.1,0.5,701,700,2,0.25,0,0,0.5,0.5,1,900,0.1,0.5,1,1000,0.1,0.5,0,0,0.5,0.5,0,0,0.5,0.5,0,0,0.5,0.5,0,0,0.5,0.5,0,0,0.5,0.5,1,1600,0.1,0.5,1,1700,0.1,0.5,1,1800,0.3,0.5,0,0,0.5,0.5,2000,2000,0.1,0.5,2000,2100,0.1,0.5,0,0,0.5,0.5,0,0,0.5,0.5,0,0,0.5,0.5,0,0,0.5,0.5,2600,2600,0.1,0.5,2700,2000,0.3,0.5,0,0,0.5,0.5,0,0,0.5,0.5,3000,3000,0.3,0.5,3000,3100,0.1,0.5,3200,3200,0.1,0.5,3200,3300,0.1,0.5,3400,3400,0.1,0.5,3400,3500,0.1,0.5,0,0,0,0,3700,3000,0.3,0.5,0,0,0,0,0,0,0,0,1,4000,0,1,0,0,0,0,0,0,0,0,4300,4300,0.1,0.5,4400,4400,0.1,0.5
1102002,[M11_02_Hidden prison] Wide indoor (default) -- 【m11_02_隠し牢】屋内広め（デフォルト）,2,0,0,0,102,100,0.5,0.5,202,200,0.5,0.2,302,300,0.5,0.2,302,400,0.5,0.2,502,500,0.5,0.5,2,0,0.1,0.5,702,700,2,0.25,0,0,0.5,0.5,2,900,0.1,0.5,2,1000,0.1,0.5,0,0,0.5,0.5,0,0,0.5,0.5,0,0,0.5,0.5,0,0,0.5,0.5,0,0,0.5,0.5,2,1600,0.1,0.5,2,1700,0.1,0.5,2,1800,0.3,0.5,0,0,0.5,0.5,2000,2000,0.1,0.5,2000,2100,0.1,0.5,0,0,0.5,0.5,0,0,0.5,0.5,0,0,0.5,0.5,0,0,0.5,0.5,2600,2600,0.1,0.5,2700,2000,0.3,0.5,0,0,0.5,0.5,0,0,0.5,0.5,3000,3000,0.3,0.5,3000,3100,0.1,0.5,3200,3200,0.1,0.5,3200,3300,0.1,0.5,3400,3400,0.1,0.5,3400,3500,0.1,0.5,0,0,0,0,3700,3000,0.3,0.5,0,0,0,0,0,0,0,0,2,4000,0,1,0,0,0,0,0,0,0,0,4300,4300,0.1,0.5,4400,4400,0.1,0.5
1102003,[M11_02_Hidden prison] Up wire (default) -- 【m11_02_隠し牢】上りワイヤー（デフォルト）,0,0,0,0,100,100,0.5,0.5,200,200,0.5,0.2,300,300,0.5,0.2,300,400,0.5,0.2,500,500,0.5,0.5,0,0,0.1,0.5,700,700,2,0.25,0,0,0.5,0.5,0,903,0.1,0.5,0,1000,0.1,0.5,0,0,0.5,0.5,0,0,0.5,0.5,0,0,0.5,0.5,0,0,0.5,0.5,0,0,0.5,0.5,0,1600,0.1,0.5,0,1703,0.1,0.5,0,1803,0.3,0.5,0,0,0.5,0.5,2000,2000,0.1,0.5,2000,2100,0.1,0.5,0,0,0.5,0.5,0,0,0.5,0.5,0,0,0.5,0.5,0,0,0.5,0.5,2600,2600,0.1,0.5,2700,2000,0.3,0.5,0,0,0.5,0.5,0,0,0.5,0.5,3000,3000,0.3,0.5,3000,3100,0.1,0.5,3200,3200,0.1,0.5,3200,3300,0.1,0.5,3400,3400,0.1,0.5,3400,3500,0.1,0.5,0,0,0,0,3700,3000,0.3,0.5,0,0,0,0,0,0,0,0,0,4000,0,1,0,0,0,0,0,0,0,0,4300,4300,0.1,0.5,4400,4400,0.1,0.5
1102300,[M11_02_Hidden prison] Bridge_Hanging_Eavesdropping -- 【m11_02_隠し牢】橋_ぶら下がり_盗み聞き,0,0,0,0,100,100,0.5,0.5,200,200,0.5,0.2,300,300,0.5,0.2,300,400,0.5,0.2,521,521,3,0.5,0,0,0.1,0.5,700,700,2,0.25,0,0,0.5,0.5,0,900,0.1,0.5,0,1000,0.1,0.5,0,0,0.5,0.5,0,0,0.5,0.5,0,0,0.5,0.5,0,0,0.5,0.5,0,0,0.5,0.5,0,1600,0.1,0.5,0,1700,0.1,0.5,0,1800,0.3,0.5,0,0,0.5,0.5,2000,2000,0.1,0.5,2000,2100,0.1,0.5,0,0,0.5,0.5,0,0,0.5,0.5,0,0,0.5,0.5,0,0,0.5,0.5,2600,2600,0.1,0.5,2700,2000,0.3,0.5,0,0,0.5,0.5,0,0,0.5,0.5,3000,3000,0.3,0.5,3000,3100,0.1,0.5,3200,3200,0.1,0.5,3200,3300,0.1,0.5,3400,3400,0.1,0.5,3400,3500,0.1,0.5,0,0,0,0,3700,3000,0.3,0.5,0,0,0,0,0,0,0,0,0,4000,0,1,0,0,0,0,0,0,0,0,4300,4300,0.1,0.5,4400,4400,0.1,0.5
1102500,[M11_02_hidden prison] Rival_normal -- 【m11_02_隠し牢】ライバル_通常,7100500,0,0,0,7100501,100,0.5,0.5,200,200,0.5,0.2,300,300,0.5,0.2,300,400,0.5,0.2,500,500,0.5,0.5,7100500,0,0.1,0.5,7100507,700,2,0.25,0,0,0.5,0.5,7100500,900,0.1,0.5,7100500,1000,0.1,0.5,0,0,0.5,0.5,0,0,0.5,0.5,0,0,0.5,0.5,0,0,0.5,0.5,0,0,0.5,0.5,7100500,1600,0.1,0.5,7100500,1700,0.1,0.5,7100500,1800,0.3,0.5,0,0,0.5,0.5,2000,2000,0.1,0.5,2000,2100,0.1,0.5,0,0,0.5,0.5,0,0,0.5,0.5,0,0,0.5,0.5,0,0,0.5,0.5,2600,2600,0.1,0.5,2700,2000,0.3,0.5,0,0,0.5,0.5,0,0,0.5,0.5,3000,3000,0.3,0.5,3000,3100,0.1,0.5,3200,3200,0.1,0.5,3200,3300,0.1,0.5,3400,3400,0.1,0.5,3400,3500,0.1,0.5,0,0,0,0,3700,3000,0.3,0.5,0,0,0,0,0,0,0,0,7100500,4000,0,1,0,0,0,0,0,0,0,0,4300,4300,0.1,0.5,4400,4400,0.1,0.5
1102501,[M11_02_Hidden prison] Rival_Bow 4 consecutive shots -- 【m11_02_隠し牢】ライバル_弓4連射,7100600,0,0,0,7100601,100,0.5,0.5,200,200,0.5,0.2,300,300,0.5,0.2,300,400,0.5,0.2,500,500,0.5,0.5,7100600,0,0.1,0.5,7100607,700,2,0.25,0,0,0.5,0.5,7100600,900,0.1,0.5,7100600,1000,0.1,0.5,0,0,0.5,0.5,0,0,0.5,0.5,0,0,0.5,0.5,0,0,0.5,0.5,0,0,0.5,0.5,7100600,1600,0.1,0.5,7100600,1700,0.1,0.5,7100600,1800,0.3,0.5,0,0,0.5,0.5,2000,2000,0.1,0.5,2000,2100,0.1,0.5,0,0,0.5,0.5,0,0,0.5,0.5,0,0,0.5,0.5,0,0,0.5,0.5,2600,2600,0.1,0.5,2700,2000,0.3,0.5,0,0,0.5,0.5,0,0,0.5,0.5,3000,3000,0.3,0.5,3000,3100,0.1,0.5,3200,3200,0.1,0.5,3200,3300,0.1,0.5,3400,3400,0.1,0.5,3400,3500,0.1,0.5,0,0,0,0,3700,3000,0.3,0.5,0,0,0,0,0,0,0,0,7100600,4000,0,1,0,0,0,0,0,0,0,0,4300,4300,0.1,0.5,4400,4400,0.1,0.5
1102510,[M11_02_Hidden Prison] Kensei_Normal -- 【m11_02_隠し牢】剣聖_通常,5400500,0,0,0,5400501,100,0.5,0.5,200,200,0.5,0.2,300,300,0.5,0.2,300,400,0.5,0.2,500,500,0.5,0.5,5400500,0,0.1,0.5,5400507,700,2,0.25,0,0,0.5,0.5,5400500,900,0.1,0.5,5400500,1000,0.1,0.5,0,0,0.5,0.5,0,0,0.5,0.5,0,0,0.5,0.5,0,0,0.5,0.5,0,0,0.5,0.5,5400500,1600,0.1,0.5,5400500,1700,0.1,0.5,5400500,1800,0.3,0.5,0,0,0.5,0.5,2000,2000,0.1,0.5,2000,2100,0.1,0.5,0,0,0.5,0.5,0,0,0.5,0.5,0,0,0.5,0.5,0,0,0.5,0.5,2600,2600,0.1,0.5,2700,2000,0.3,0.5,0,0,0.5,0.5,0,0,0.5,0.5,3000,3000,0.3,0.5,3000,3100,0.1,0.5,3200,3200,0.1,0.5,3200,3300,0.1,0.5,3400,3400,0.1,0.5,3400,3500,0.1,0.5,0,0,0,0,3700,3000,0.3,0.5,0,0,0,0,0,0,0,0,5400500,4000,0,1,0,0,0,0,0,0,0,0,4300,4300,0.1,0.5,4400,4400,0.1,0.5
1102900,[M11_02_Hidden prison] Crouching with a low ceiling (test) -- 【m11_02_隠し牢】天井が低いしゃがみ状態（テスト）,0,0,0,0,100,104,0.5,0.5,200,200,0.5,0.2,300,300,0.5,0.2,300,400,0.5,0.2,500,500,0.5,0.5,0,0,0.1,0.5,700,700,2,0.25,0,0,0.5,0.5,0,900,0.1,0.5,0,1000,0.1,0.5,0,0,0.5,0.5,0,0,0.5,0.5,0,0,0.5,0.5,0,0,0.5,0.5,0,0,0.5,0.5,0,1600,0.1,0.5,0,1700,0.1,0.5,0,1800,0.3,0.5,0,0,0.5,0.5,2000,2000,0.1,0.5,2000,2100,0.1,0.5,0,0,0.5,0.5,0,0,0.5,0.5,0,0,0.5,0.5,0,0,0.5,0.5,2600,2600,0.1,0.5,2700,2000,0.3,0.5,0,0,0.5,0.5,0,0,0.5,0.5,3000,3000,0.3,0.5,3000,3100,0.1,0.5,3200,3200,0.1,0.5,3200,3300,0.1,0.5,3400,3400,0.1,0.5,3400,3500,0.1,0.5,0,0,0,0,3700,3000,0.3,0.5,0,0,0,0,0,0,0,0,0,4000,0,1,0,0,0,0,0,0,0,0,4300,4300,0.1,0.5,4400,4400,0.1,0.5
1300000,[M13_00_Dungeon] Normal state (default) -- 【m13_00_地下牢】通常状態（デフォルト）,0,0,0,0,100,100,0.5,0.5,200,200,0.5,0.2,300,300,0.5,0.2,300,400,0.5,0.2,500,500,0.5,0.5,0,0,0.1,0.5,700,700,2,0.25,0,0,0.5,0.5,0,900,0.1,0.5,0,1000,0.1,0.5,0,0,0.5,0.5,0,0,0.5,0.5,0,0,0.5,0.5,0,0,0.5,0.5,0,0,0.5,0.5,0,1600,0.1,0.5,0,1700,0.1,0.5,0,1800,0.3,0.5,0,0,0.5,0.5,2000,2000,0.1,0.5,2000,2100,0.1,0.5,0,0,0.5,0.5,0,0,0.5,0.5,0,0,0.5,0.5,0,0,0.5,0.5,2600,2600,0.1,0.5,2700,2000,0.3,0.5,0,0,0.5,0.5,0,0,0.5,0.5,3000,3000,0.3,0.5,3000,3100,0.1,0.5,3200,3200,0.1,0.5,3200,3300,0.1,0.5,3400,3400,0.1,0.5,3400,3500,0.1,0.5,0,0,0,0,3700,3000,0.3,0.5,0,0,0,0,0,0,0,0,0,4000,0,1,0,0,0,0,0,0,0,0,4300,4300,0.1,0.5,4400,4400,0.1,0.5
1300001,[M13_00_Dungeon] Narrow space (default) -- 【m13_00_地下牢】狭所（デフォルト）,1,0,0,0,101,100,0.5,0.5,201,200,0.5,0.2,301,300,0.5,0.2,301,400,0.5,0.2,501,500,0.5,0.5,1,0,0.1,0.5,701,700,2,0.25,0,0,0.5,0.5,1,900,0.1,0.5,1,1000,0.1,0.5,0,0,0.5,0.5,0,0,0.5,0.5,0,0,0.5,0.5,0,0,0.5,0.5,0,0,0.5,0.5,1,1600,0.1,0.5,1,1700,0.1,0.5,1,1800,0.3,0.5,0,0,0.5,0.5,2000,2000,0.1,0.5,2000,2100,0.1,0.5,0,0,0.5,0.5,0,0,0.5,0.5,0,0,0.5,0.5,0,0,0.5,0.5,2600,2600,0.1,0.5,2700,2000,0.3,0.5,0,0,0.5,0.5,0,0,0.5,0.5,3000,3000,0.3,0.5,3000,3100,0.1,0.5,3200,3200,0.1,0.5,3200,3300,0.1,0.5,3400,3400,0.1,0.5,3400,3500,0.1,0.5,0,0,0,0,3700,3000,0.3,0.5,0,0,0,0,0,0,0,0,1,4000,0,1,0,0,0,0,0,0,0,0,4300,4300,0.1,0.5,4400,4400,0.1,0.5
1300002,[M13_00_ Dungeon] Wide indoor (default) -- 【m13_00_地下牢】屋内広め（デフォルト）,2,0,0,0,102,100,0.5,0.5,202,200,0.5,0.2,302,300,0.5,0.2,302,400,0.5,0.2,502,500,0.5,0.5,2,0,0.1,0.5,702,700,2,0.25,0,0,0.5,0.5,2,900,0.1,0.5,2,1000,0.1,0.5,0,0,0.5,0.5,0,0,0.5,0.5,0,0,0.5,0.5,0,0,0.5,0.5,0,0,0.5,0.5,2,1600,0.1,0.5,2,1700,0.1,0.5,2,1800,0.3,0.5,0,0,0.5,0.5,2000,2000,0.1,0.5,2000,2100,0.1,0.5,0,0,0.5,0.5,0,0,0.5,0.5,0,0,0.5,0.5,0,0,0.5,0.5,2600,2600,0.1,0.5,2700,2000,0.3,0.5,0,0,0.5,0.5,0,0,0.5,0.5,3000,3000,0.3,0.5,3000,3100,0.1,0.5,3200,3200,0.1,0.5,3200,3300,0.1,0.5,3400,3400,0.1,0.5,3400,3500,0.1,0.5,0,0,0,0,3700,3000,0.3,0.5,0,0,0,0,0,0,0,0,2,4000,0,1,0,0,0,0,0,0,0,0,4300,4300,0.1,0.5,4400,4400,0.1,0.5
1300003,[M13_00_ Dungeon] Up wire (default) -- 【m13_00_地下牢】上りワイヤー（デフォルト）,0,0,0,0,100,100,0.5,0.5,200,200,0.5,0.2,300,300,0.5,0.2,300,400,0.5,0.2,500,500,0.5,0.5,0,0,0.1,0.5,700,700,2,0.25,0,0,0.5,0.5,0,903,0.1,0.5,0,1000,0.1,0.5,0,0,0.5,0.5,0,0,0.5,0.5,0,0,0.5,0.5,0,0,0.5,0.5,0,0,0.5,0.5,0,1600,0.1,0.5,0,1703,0.1,0.5,0,1803,0.3,0.5,0,0,0.5,0.5,2000,2000,0.1,0.5,2000,2100,0.1,0.5,0,0,0.5,0.5,0,0,0.5,0.5,0,0,0.5,0.5,0,0,0.5,0.5,2600,2600,0.1,0.5,2700,2000,0.3,0.5,0,0,0.5,0.5,0,0,0.5,0.5,3000,3000,0.3,0.5,3000,3100,0.1,0.5,3200,3200,0.1,0.5,3200,3300,0.1,0.5,3400,3400,0.1,0.5,3400,3500,0.1,0.5,0,0,0,0,3700,3000,0.3,0.5,0,0,0,0,0,0,0,0,0,4000,0,1,0,0,0,0,0,0,0,0,4300,4300,0.1,0.5,4400,4400,0.1,0.5
1500000,[M15_00_Sick Village] Normal state (default) -- 【m15_00_病み村】通常状態（デフォルト）,0,0,0,0,100,100,0.5,0.5,200,200,0.5,0.2,300,300,0.5,0.2,300,400,0.5,0.2,500,500,0.5,0.5,0,0,0.1,0.5,700,700,2,0.25,0,0,0.5,0.5,0,900,0.1,0.5,0,1000,0.1,0.5,0,0,0.5,0.5,0,0,0.5,0.5,0,0,0.5,0.5,0,0,0.5,0.5,0,0,0.5,0.5,0,1600,0.1,0.5,0,1700,0.1,0.5,0,1800,0.3,0.5,0,0,0.5,0.5,2000,2000,0.1,0.5,2000,2100,0.1,0.5,0,0,0.5,0.5,0,0,0.5,0.5,0,0,0.5,0.5,0,0,0.5,0.5,2600,2600,0.1,0.5,2700,2000,0.3,0.5,0,0,0.5,0.5,0,0,0.5,0.5,3000,3000,0.3,0.5,3000,3100,0.1,0.5,3200,3200,0.1,0.5,3200,3300,0.1,0.5,3400,3400,0.1,0.5,3400,3500,0.1,0.5,0,0,0,0,3700,3000,0.3,0.5,0,0,0,0,0,0,0,0,0,4000,0,1,0,0,0,0,0,0,0,0,4300,4300,0.1,0.5,4400,4400,0.1,0.5
1500001,[M15_00_Sick Village] Narrow space (default) -- 【m15_00_病み村】狭所（デフォルト）,1,0,0,0,101,100,0.5,0.5,201,200,0.5,0.2,301,300,0.5,0.2,301,400,0.5,0.2,501,500,0.5,0.5,1,0,0.1,0.5,701,700,2,0.25,0,0,0.5,0.5,1,900,0.1,0.5,1,1000,0.1,0.5,0,0,0.5,0.5,0,0,0.5,0.5,0,0,0.5,0.5,0,0,0.5,0.5,0,0,0.5,0.5,1,1600,0.1,0.5,1,1700,0.1,0.5,1,1800,0.3,0.5,0,0,0.5,0.5,2000,2000,0.1,0.5,2000,2100,0.1,0.5,0,0,0.5,0.5,0,0,0.5,0.5,0,0,0.5,0.5,0,0,0.5,0.5,2600,2600,0.1,0.5,2700,2000,0.3,0.5,0,0,0.5,0.5,0,0,0.5,0.5,3000,3000,0.3,0.5,3000,3100,0.1,0.5,3200,3200,0.1,0.5,3200,3300,0.1,0.5,3400,3400,0.1,0.5,3400,3500,0.1,0.5,0,0,0,0,3700,3000,0.3,0.5,0,0,0,0,0,0,0,0,1,4000,0,1,0,0,0,0,0,0,0,0,4300,4300,0.1,0.5,4400,4400,0.1,0.5
1500002,[M15_00_Sick Village] Wide indoor (default) -- 【m15_00_病み村】屋内広め（デフォルト）,2,0,0,0,102,100,0.5,0.5,202,200,0.5,0.2,302,300,0.5,0.2,302,400,0.5,0.2,502,500,0.5,0.5,2,0,0.1,0.5,702,700,2,0.25,0,0,0.5,0.5,2,900,0.1,0.5,2,1000,0.1,0.5,0,0,0.5,0.5,0,0,0.5,0.5,0,0,0.5,0.5,0,0,0.5,0.5,0,0,0.5,0.5,2,1600,0.1,0.5,2,1700,0.1,0.5,2,1800,0.3,0.5,0,0,0.5,0.5,2000,2000,0.1,0.5,2000,2100,0.1,0.5,0,0,0.5,0.5,0,0,0.5,0.5,0,0,0.5,0.5,0,0,0.5,0.5,2600,2600,0.1,0.5,2700,2000,0.3,0.5,0,0,0.5,0.5,0,0,0.5,0.5,3000,3000,0.3,0.5,3000,3100,0.1,0.5,3200,3200,0.1,0.5,3200,3300,0.1,0.5,3400,3400,0.1,0.5,3400,3500,0.1,0.5,0,0,0,0,3700,3000,0.3,0.5,0,0,0,0,0,0,0,0,2,4000,0,1,0,0,0,0,0,0,0,0,4300,4300,0.1,0.5,4400,4400,0.1,0.5
1500003,[M15_00_Sick Village] Up wire (default) -- 【m15_00_病み村】上りワイヤー（デフォルト）,0,0,0,0,100,100,0.5,0.5,200,200,0.5,0.2,300,300,0.5,0.2,300,400,0.5,0.2,500,500,0.5,0.5,0,0,0.1,0.5,700,700,2,0.25,0,0,0.5,0.5,0,903,0.1,0.5,0,1000,0.1,0.5,0,0,0.5,0.5,0,0,0.5,0.5,0,0,0.5,0.5,0,0,0.5,0.5,0,0,0.5,0.5,0,1600,0.1,0.5,0,1703,0.1,0.5,0,1803,0.3,0.5,0,0,0.5,0.5,2000,2000,0.1,0.5,2000,2100,0.1,0.5,0,0,0.5,0.5,0,0,0.5,0.5,0,0,0.5,0.5,0,0,0.5,0.5,2600,2600,0.1,0.5,2700,2000,0.3,0.5,0,0,0.5,0.5,0,0,0.5,0.5,3000,3000,0.3,0.5,3000,3100,0.1,0.5,3200,3200,0.1,0.5,3200,3300,0.1,0.5,3400,3400,0.1,0.5,3400,3500,0.1,0.5,0,0,0,0,3700,3000,0.3,0.5,0,0,0,0,0,0,0,0,0,4000,0,1,0,0,0,0,0,0,0,0,4300,4300,0.1,0.5,4400,4400,0.1,0.5
1500200,[M15_00_Sick Village] Female player_Normal -- 【m15_00_病み村】女奏者_通常,7000000,0,0,0,7000001,100,0.5,0.5,200,200,0.5,0.2,300,300,0.5,0.2,300,400,0.5,0.2,500,500,0.5,0.5,7000000,0,0.1,0.5,7000007,700,2,0.25,0,0,0.5,0.5,7000000,900,0.1,0.5,7000000,1000,0.1,0.5,0,0,0.5,0.5,0,0,0.5,0.5,0,0,0.5,0.5,0,0,0.5,0.5,0,0,0.5,0.5,7000000,1600,0.1,0.5,7000000,1700,0.1,0.5,7000000,1800,0.3,0.5,0,0,0.5,0.5,2000,2000,0.1,0.5,2000,2100,0.1,0.5,0,0,0.5,0.5,0,0,0.5,0.5,0,0,0.5,0.5,0,0,0.5,0.5,2600,2600,0.1,0.5,2700,2000,0.3,0.5,0,0,0.5,0.5,0,0,0.5,0.5,3000,3000,0.3,0.5,3000,3100,0.1,0.5,3200,3200,0.1,0.5,3200,3300,0.1,0.5,3400,3400,0.1,0.5,3400,3500,0.1,0.5,0,0,0,0,3700,3000,0.3,0.5,0,0,0,0,0,0,0,0,7000000,4000,0,1,0,0,0,0,0,0,0,0,4300,4300,0.1,0.5,4400,4400,0.1,0.5
1700000,[M17_00_ Valley] Normal state (default) -- 【m17_00_渓谷】通常状態（デフォルト）,0,0,0,0,100,100,0.5,0.5,200,200,0.5,0.2,300,300,0.5,0.2,300,400,0.5,0.2,500,500,0.5,0.5,0,0,0.1,0.5,700,700,2,0.25,0,0,0.5,0.5,0,900,0.1,0.5,0,1000,0.1,0.5,0,0,0.5,0.5,0,0,0.5,0.5,0,0,0.5,0.5,0,0,0.5,0.5,0,0,0.5,0.5,0,1600,0.1,0.5,0,1700,0.1,0.5,0,1800,0.3,0.5,0,0,0.5,0.5,2000,2000,0.1,0.5,2000,2100,0.1,0.5,0,0,0.5,0.5,0,0,0.5,0.5,0,0,0.5,0.5,0,0,0.5,0.5,2600,2600,0.1,0.5,2700,2000,0.3,0.5,0,0,0.5,0.5,0,0,0.5,0.5,3000,3000,0.3,0.5,3000,3100,0.1,0.5,3200,3200,0.1,0.5,3200,3300,0.1,0.5,3400,3400,0.1,0.5,3400,3500,0.1,0.5,0,0,0,0,3700,3000,0.3,0.5,0,0,0,0,0,0,0,0,0,4000,0,1,0,0,0,0,0,0,0,0,4300,4300,0.1,0.5,4400,4400,0.1,0.5
1700001,[M17_00_ Valley] Narrow space (default) -- 【m17_00_渓谷】狭所（デフォルト）,1,0,0,0,101,100,0.5,0.5,201,200,0.5,0.2,301,300,0.5,0.2,301,400,0.5,0.2,501,500,0.5,0.5,1,0,0.1,0.5,701,700,2,0.25,0,0,0.5,0.5,1,900,0.1,0.5,1,1000,0.1,0.5,0,0,0.5,0.5,0,0,0.5,0.5,0,0,0.5,0.5,0,0,0.5,0.5,0,0,0.5,0.5,1,1600,0.1,0.5,1,1700,0.1,0.5,1,1800,0.3,0.5,0,0,0.5,0.5,2000,2000,0.1,0.5,2000,2100,0.1,0.5,0,0,0.5,0.5,0,0,0.5,0.5,0,0,0.5,0.5,0,0,0.5,0.5,2600,2600,0.1,0.5,2700,2000,0.3,0.5,0,0,0.5,0.5,0,0,0.5,0.5,3000,3000,0.3,0.5,3000,3100,0.1,0.5,3200,3200,0.1,0.5,3200,3300,0.1,0.5,3400,3400,0.1,0.5,3400,3500,0.1,0.5,0,0,0,0,3700,3000,0.3,0.5,0,0,0,0,0,0,0,0,1,4000,0,1,0,0,0,0,0,0,0,0,4300,4300,0.1,0.5,4400,4400,0.1,0.5
1700002,[M17_00_ Valley] Wide indoor (default) -- 【m17_00_渓谷】屋内広め（デフォルト）,2,0,0,0,102,100,0.5,0.5,202,200,0.5,0.2,302,300,0.5,0.2,302,400,0.5,0.2,502,500,0.5,0.5,2,0,0.1,0.5,702,700,2,0.25,0,0,0.5,0.5,2,900,0.1,0.5,2,1000,0.1,0.5,0,0,0.5,0.5,0,0,0.5,0.5,0,0,0.5,0.5,0,0,0.5,0.5,0,0,0.5,0.5,2,1600,0.1,0.5,2,1700,0.1,0.5,2,1800,0.3,0.5,0,0,0.5,0.5,2000,2000,0.1,0.5,2000,2100,0.1,0.5,0,0,0.5,0.5,0,0,0.5,0.5,0,0,0.5,0.5,0,0,0.5,0.5,2600,2600,0.1,0.5,2700,2000,0.3,0.5,0,0,0.5,0.5,0,0,0.5,0.5,3000,3000,0.3,0.5,3000,3100,0.1,0.5,3200,3200,0.1,0.5,3200,3300,0.1,0.5,3400,3400,0.1,0.5,3400,3500,0.1,0.5,0,0,0,0,3700,3000,0.3,0.5,0,0,0,0,0,0,0,0,2,4000,0,1,0,0,0,0,0,0,0,0,4300,4300,0.1,0.5,4400,4400,0.1,0.5
1700003,[M17_00_ Valley] Up wire (default) -- 【m17_00_渓谷】上りワイヤー（デフォルト）,0,0,0,0,100,100,0.5,0.5,200,200,0.5,0.2,300,300,0.5,0.2,300,400,0.5,0.2,500,500,0.5,0.5,0,0,0.1,0.5,700,700,2,0.25,0,0,0.5,0.5,0,903,0.1,0.5,0,1000,0.1,0.5,0,0,0.5,0.5,0,0,0.5,0.5,0,0,0.5,0.5,0,0,0.5,0.5,0,0,0.5,0.5,0,1600,0.1,0.5,0,1703,0.1,0.5,0,1803,0.3,0.5,0,0,0.5,0.5,2000,2000,0.1,0.5,2000,2100,0.1,0.5,0,0,0.5,0.5,0,0,0.5,0.5,0,0,0.5,0.5,0,0,0.5,0.5,2600,2600,0.1,0.5,2700,2000,0.3,0.5,0,0,0.5,0.5,0,0,0.5,0.5,3000,3000,0.3,0.5,3000,3100,0.1,0.5,3200,3200,0.1,0.5,3200,3300,0.1,0.5,3400,3400,0.1,0.5,3400,3500,0.1,0.5,0,0,0,0,3700,3000,0.3,0.5,0,0,0,0,0,0,0,0,0,4000,0,1,0,0,0,0,0,0,0,0,4300,4300,0.1,0.5,4400,4400,0.1,0.5
1700300,[M17_00_ Valley] For boss area only (test) -- 【m17_00_渓谷】ボスエリア専用（テスト）,0,0,0,0,100,100,0.5,0.5,200,200,0.5,0.2,300,300,0.5,0.2,300,400,0.5,0.2,500,500,0.5,0.5,0,0,0.1,0.5,700,700,2,0.25,0,0,0.5,0.5,0,900,0.1,0.5,0,1000,0.1,0.5,0,0,0.5,0.5,0,0,0.5,0.5,0,0,0.5,0.5,0,0,0.5,0.5,0,0,0.5,0.5,0,1600,0.1,0.5,0,1700,0.1,0.5,0,1800,0.3,0.5,0,0,0.5,0.5,2000,2000,0.1,0.5,2000,2100,0.1,0.5,0,0,0.5,0.5,0,0,0.5,0.5,0,0,0.5,0.5,0,0,0.5,0.5,2600,2600,0.1,0.5,2700,2000,0.3,0.5,0,0,0.5,0.5,0,0,0.5,0.5,3000,3000,0.3,0.5,3000,3100,0.1,0.5,3200,3200,0.1,0.5,3200,3300,0.1,0.5,3400,3400,0.1,0.5,3400,3500,0.1,0.5,0,0,0,0,3700,3000,0.3,0.5,0,0,0,0,0,0,0,0,0,4000,0,1,0,0,0,0,0,0,0,0,4300,4300,0.1,0.5,4400,4400,0.1,0.5
1700350,[M17_00_Valley] Dedicated to the large snake fall ninja area (test) -- 【m17_00_渓谷】大蛇落下忍殺エリア専用（テスト）,20,0,0,0,20,100,0.5,0.5,200,200,0.5,0.2,300,300,0.5,0.2,300,400,0.5,0.2,500,500,0.5,0.5,20,0,0.1,0.5,700,700,2,0.25,0,0,0.5,0.5,20,900,0.1,0.5,20,1000,0.1,0.5,0,0,0.5,0.5,0,0,0.5,0.5,0,0,0.5,0.5,0,0,0.5,0.5,0,0,0.5,0.5,20,1600,0.1,0.5,20,1700,0.1,0.5,20,1800,0.3,0.5,0,0,0.5,0.5,2000,2000,0.1,0.5,2000,2100,0.1,0.5,0,0,0.5,0.5,0,0,0.5,0.5,0,0,0.5,0.5,0,0,0.5,0.5,2600,2600,0.1,0.5,2700,2000,0.3,0.5,0,0,0.5,0.5,0,0,0.5,0.5,3000,3000,0.3,0.5,3000,3100,0.1,0.5,3200,3200,0.1,0.5,3200,3300,0.1,0.5,3400,3400,0.1,0.5,3400,3500,0.1,0.5,0,0,0,0,3700,3000,0.3,0.5,0,0,0,0,0,0,0,0,20,4000,0,1,0,0,0,0,0,0,0,0,4300,4300,0.1,0.5,4400,4400,0.1,0.5
1700500,[M17_00_ Valley] Yasha Ape -- 【m17_00_渓谷】夜叉猿,5100000,5100000,0,0,5100001,5100001,0.5,0.5,200,200,0.5,0.2,300,300,0.5,0.2,300,400,0.5,0.2,500,500,0.5,0.5,5100000,5100000,0.1,0.5,5100007,5100007,2,0.25,0,0,0.5,0.5,5100000,5100000,0.1,0.5,5100000,5100000,0.1,0.5,0,0,0.5,0.5,0,0,0.5,0.5,0,0,0.5,0.5,0,0,0.5,0.5,0,0,0.5,0.5,5100000,5100000,0.1,0.5,5100000,5100000,0.1,0.5,5100000,5100000,0.3,0.5,0,0,0.5,0.5,2000,2000,0.1,0.5,2000,2100,0.1,0.5,0,0,0.5,0.5,0,0,0.5,0.5,0,0,0.5,0.5,0,0,0.5,0.5,2600,2600,0.1,0.5,2700,2000,0.3,0.5,0,0,0.5,0.5,0,0,0.5,0.5,3000,3000,0.3,0.5,3000,3100,0.1,0.5,3200,3200,0.1,0.5,3200,3300,0.1,0.5,3400,3400,0.1,0.5,3400,3500,0.1,0.5,0,0,0,0,3700,3000,0.3,0.5,0,0,0,0,0,0,0,0,5100000,4000,0,1,0,0,0,0,0,0,0,0,4300,4300,0.1,0.5,4400,4400,0.1,0.5
1700501,[M17_00_Valley] Yasha Ape_Behavior that grows at a short distance -- 【m17_00_渓谷】夜叉猿_近距離で伸び上がる行動,5100010,5100000,0,0,5100011,5100001,0.5,0.5,200,200,0.5,0.2,300,300,0.5,0.2,300,400,0.5,0.2,500,500,0.5,0.5,5100010,5100000,0.1,0.5,5100017,5100007,2,0.25,0,0,0.5,0.5,5100010,5100000,0.1,0.5,5100010,5100000,0.1,0.5,0,0,0.5,0.5,0,0,0.5,0.5,0,0,0.5,0.5,0,0,0.5,0.5,0,0,0.5,0.5,5100010,5100000,0.1,0.5,5100010,5100000,0.1,0.5,5100010,5100000,0.3,0.5,0,0,0.5,0.5,2000,2000,0.1,0.5,2000,2100,0.1,0.5,0,0,0.5,0.5,0,0,0.5,0.5,0,0,0.5,0.5,0,0,0.5,0.5,2600,2600,0.1,0.5,2700,2000,0.3,0.5,0,0,0.5,0.5,0,0,0.5,0.5,3000,3000,0.3,0.5,3000,3100,0.1,0.5,3200,3200,0.1,0.5,3200,3300,0.1,0.5,3400,3400,0.1,0.5,3400,3500,0.1,0.5,0,0,0,0,3700,3000,0.3,0.5,0,0,0,0,0,0,0,0,5100010,4000,0,1,0,0,0,0,0,0,0,0,4300,4300,0.1,0.5,4400,4400,0.1,0.5
1700502,[M17_00_Valley] Yasha Ape_Jump behavior -- 【m17_00_渓谷】夜叉猿_ジャンプ行動,5100020,5100000,0,0,5100021,5100001,0.5,0.5,200,200,0.5,0.2,300,300,0.5,0.2,300,400,0.5,0.2,500,500,0.5,0.5,5100020,5100000,0.1,0.5,5100027,5100007,2,0.25,0,0,0.5,0.5,5100020,5100000,0.1,0.5,5100020,5100000,0.1,0.5,0,0,0.5,0.5,0,0,0.5,0.5,0,0,0.5,0.5,0,0,0.5,0.5,0,0,0.5,0.5,5100020,5100000,0.1,0.5,5100020,5100000,0.1,0.5,5100020,5100000,0.3,0.5,0,0,0.5,0.5,2000,2000,0.1,0.5,2000,2100,0.1,0.5,0,0,0.5,0.5,0,0,0.5,0.5,0,0,0.5,0.5,0,0,0.5,0.5,2600,2600,0.1,0.5,2700,2000,0.3,0.5,0,0,0.5,0.5,0,0,0.5,0.5,3000,3000,0.3,0.5,3000,3100,0.1,0.5,3200,3200,0.1,0.5,3200,3300,0.1,0.5,3400,3400,0.1,0.5,3400,3500,0.1,0.5,0,0,0,0,3700,3000,0.3,0.5,0,0,0,0,0,0,0,0,5100020,4000,0,1,0,0,0,0,0,0,0,0,4300,4300,0.1,0.5,4400,4400,0.1,0.5
1700510,[M17_00_Valley] Yasha Ape_After the appearance of the bride monkey -- 【m17_00_渓谷】夜叉猿_嫁猿登場後,5100100,5100000,0,0,5100101,100,0.5,0.5,200,200,0.5,0.2,300,300,0.5,0.2,300,400,0.5,0.2,500,500,0.5,0.5,5100100,5100000,0.1,0.5,5100107,5100007,2,0.25,0,0,0.5,0.5,5100100,5100000,0.1,0.5,5100100,5100000,0.1,0.5,0,0,0.5,0.5,0,0,0.5,0.5,0,0,0.5,0.5,0,0,0.5,0.5,0,0,0.5,0.5,5100100,5100000,0.1,0.5,5100100,5100000,0.1,0.5,5100100,5100000,0.3,0.5,0,0,0.5,0.5,2000,2000,0.1,0.5,2000,2100,0.1,0.5,0,0,0.5,0.5,0,0,0.5,0.5,0,0,0.5,0.5,0,0,0.5,0.5,2600,2600,0.1,0.5,2700,2000,0.3,0.5,0,0,0.5,0.5,0,0,0.5,0.5,3000,3000,0.3,0.5,3000,3100,0.1,0.5,3200,3200,0.1,0.5,3200,3300,0.1,0.5,3400,3400,0.1,0.5,3400,3500,0.1,0.5,0,0,0,0,3700,3000,0.3,0.5,0,0,0,0,0,0,0,0,5100100,4000,0,1,0,0,0,0,0,0,0,0,4300,4300,0.1,0.5,4400,4400,0.1,0.5
1700511,[M17_00_Valley] Yasha Ape_After the appearance of the bride monkey_Behavior that grows at a short distance -- 【m17_00_渓谷】夜叉猿_嫁猿登場後_近距離で伸び上がる行動,5100110,5100000,0,0,5100111,5100001,0.5,0.5,200,200,0.5,0.2,300,300,0.5,0.2,300,400,0.5,0.2,500,500,0.5,0.5,5100110,5100000,0.1,0.5,5100117,5100007,2,0.25,0,0,0.5,0.5,5100110,5100000,0.1,0.5,5100110,5100000,0.1,0.5,0,0,0.5,0.5,0,0,0.5,0.5,0,0,0.5,0.5,0,0,0.5,0.5,0,0,0.5,0.5,5100110,5100000,0.1,0.5,5100110,5100000,0.1,0.5,5100110,5100000,0.3,0.5,0,0,0.5,0.5,2000,2000,0.1,0.5,2000,2100,0.1,0.5,0,0,0.5,0.5,0,0,0.5,0.5,0,0,0.5,0.5,0,0,0.5,0.5,2600,2600,0.1,0.5,2700,2000,0.3,0.5,0,0,0.5,0.5,0,0,0.5,0.5,3000,3000,0.3,0.5,3000,3100,0.1,0.5,3200,3200,0.1,0.5,3200,3300,0.1,0.5,3400,3400,0.1,0.5,3400,3500,0.1,0.5,0,0,0,0,3700,3000,0.3,0.5,0,0,0,0,0,0,0,0,5100110,4000,0,1,0,0,0,0,0,0,0,0,4300,4300,0.1,0.5,4400,4400,0.1,0.5
1700512,[M17_00_Valley] Yasha Ape_After the appearance of the bride monkey_Jump behavior -- 【m17_00_渓谷】夜叉猿_嫁猿登場後_ジャンプ行動,5100120,5100000,0,0,5100121,5100001,0.5,0.5,200,200,0.5,0.2,300,300,0.5,0.2,300,400,0.5,0.2,500,500,0.5,0.5,5100120,5100000,0.1,0.5,5100127,5100007,2,0.25,0,0,0.5,0.5,5100120,5100000,0.1,0.5,5100120,5100000,0.1,0.5,0,0,0.5,0.5,0,0,0.5,0.5,0,0,0.5,0.5,0,0,0.5,0.5,0,0,0.5,0.5,5100120,5100000,0.1,0.5,5100120,5100000,0.1,0.5,5100120,5100000,0.3,0.5,0,0,0.5,0.5,2000,2000,0.1,0.5,2000,2100,0.1,0.5,0,0,0.5,0.5,0,0,0.5,0.5,0,0,0.5,0.5,0,0,0.5,0.5,2600,2600,0.1,0.5,2700,2000,0.3,0.5,0,0,0.5,0.5,0,0,0.5,0.5,3000,3000,0.3,0.5,3000,3100,0.1,0.5,3200,3200,0.1,0.5,3200,3300,0.1,0.5,3400,3400,0.1,0.5,3400,3500,0.1,0.5,0,0,0,0,3700,3000,0.3,0.5,0,0,0,0,0,0,0,0,5100120,4000,0,1,0,0,0,0,0,0,0,0,4300,4300,0.1,0.5,4400,4400,0.1,0.5
1700900,[M17_00_ Valley] Crouching with a low ceiling (test) -- 【m17_00_渓谷】天井が低いしゃがみ状態（テスト）,0,0,0,0,100,104,0.5,0.5,200,200,0.5,0.2,300,300,0.5,0.2,300,400,0.5,0.2,500,500,0.5,0.5,0,0,0.1,0.5,700,700,2,0.25,0,0,0.5,0.5,0,900,0.1,0.5,0,1000,0.1,0.5,0,0,0.5,0.5,0,0,0.5,0.5,0,0,0.5,0.5,0,0,0.5,0.5,0,0,0.5,0.5,0,1600,0.1,0.5,0,1700,0.1,0.5,0,1800,0.3,0.5,0,0,0.5,0.5,2000,2000,0.1,0.5,2000,2100,0.1,0.5,0,0,0.5,0.5,0,0,0.5,0.5,0,0,0.5,0.5,0,0,0.5,0.5,2600,2600,0.1,0.5,2700,2000,0.3,0.5,0,0,0.5,0.5,0,0,0.5,0.5,3000,3000,0.3,0.5,3000,3100,0.1,0.5,3200,3200,0.1,0.5,3200,3300,0.1,0.5,3400,3400,0.1,0.5,3400,3500,0.1,0.5,0,0,0,0,3700,3000,0.3,0.5,0,0,0,0,0,0,0,0,0,4000,0,1,0,0,0,0,0,0,0,0,4300,4300,0.1,0.5,4400,4400,0.1,0.5
1700901,[M17_00_ Valley] Climb the wall continuously (test) -- 【m17_00_渓谷】連続で壁を登る（テスト）,0,0,0,0,100,100,0.5,0.5,200,200,0.5,0.2,300,300,0.5,0.2,300,400,0.5,0.2,500,500,0.5,0.5,0,0,0.1,0.5,700,700,2,0.25,0,0,0.5,0.5,0,900,0.1,0.5,0,1000,0.1,0.5,0,0,0.5,0.5,0,0,0.5,0.5,0,0,0.5,0.5,0,0,0.5,0.5,0,0,0.5,0.5,0,1600,0.1,0.5,0,1700,0.1,0.5,0,1800,0.3,0.5,0,0,0.5,0.5,2000,2000,0.1,0.5,2000,2100,0.1,0.5,0,0,0.5,0.5,0,0,0.5,0.5,0,0,0.5,0.5,0,0,0.5,0.5,2600,2600,0.1,0.5,2700,2000,0.3,0.5,0,0,0.5,0.5,0,0,0.5,0.5,3000,3000,0.3,0.5,3000,3100,0.1,0.5,3200,3200,0.1,0.5,3200,3300,0.1,0.5,3400,3400,0.1,0.5,3400,3500,0.1,0.5,0,0,0,0,3700,3000,0.3,0.5,0,0,0,0,0,0,0,0,0,4000,0,1,0,0,0,0,0,0,0,0,4300,4300,0.1,0.5,4400,4400,0.1,0.5
1700902,[M17_00_Valley] Normal state (default) _ Centipede size only -- 【m17_00_渓谷】通常状態（デフォルト）_ムカデ大専用,0,0,0,0,100,100,0.5,0.5,200,200,0.5,0.2,300,300,0.5,0.2,300,400,0.5,0.2,500,500,0.5,0.5,0,0,0.1,0.5,700,700,2,0.25,0,0,0.5,0.5,0,900,0.1,0.5,0,1000,0.1,0.5,0,0,0.5,0.5,0,0,0.5,0.5,0,0,0.5,0.5,0,0,0.5,0.5,0,0,0.5,0.5,0,1600,0.1,0.5,0,1700,0.1,0.5,0,1800,0.3,0.5,0,0,0.5,0.5,2000,2000,0.1,0.5,2000,2100,0.1,0.5,0,0,0.5,0.5,0,0,0.5,0.5,0,0,0.5,0.5,0,0,0.5,0.5,2600,2600,0.1,0.5,2700,2000,0.3,0.5,0,0,0.5,0.5,0,0,0.5,0.5,3000,3000,0.3,0.5,3000,3100,0.1,0.5,3200,3200,0.1,0.5,3200,3300,0.1,0.5,3400,3400,0.1,0.5,3400,3500,0.1,0.5,0,0,0,0,3700,3000,0.3,0.5,0,0,0,0,0,0,0,0,0,4000,0,1,0,0,0,0,0,0,0,0,4300,4300,0.1,0.5,4400,4400,0.1,0.5
2000000,[M20_00_Temple] Normal state (default) -- 【m20_00_寺】通常状態（デフォルト）,0,0,0,0,100,100,0.5,0.5,200,200,0.5,0.2,300,300,0.5,0.2,300,400,0.5,0.2,500,500,0.5,0.5,0,0,0.1,0.5,700,700,2,0.25,0,0,0.5,0.5,0,900,0.1,0.5,0,1000,0.1,0.5,0,0,0.5,0.5,0,0,0.5,0.5,0,0,0.5,0.5,0,0,0.5,0.5,0,0,0.5,0.5,0,1600,0.1,0.5,0,1700,0.1,0.5,0,1800,0.3,0.5,0,0,0.5,0.5,2000,2000,0.1,0.5,2000,2100,0.1,0.5,0,0,0.5,0.5,0,0,0.5,0.5,0,0,0.5,0.5,0,0,0.5,0.5,2600,2600,0.1,0.5,2700,2000,0.3,0.5,0,0,0.5,0.5,0,0,0.5,0.5,3000,3000,0.3,0.5,3000,3100,0.1,0.5,3200,3200,0.1,0.5,3200,3300,0.1,0.5,3400,3400,0.1,0.5,3400,3500,0.1,0.5,0,0,0,0,3700,3000,0.3,0.5,0,0,0,0,0,0,0,0,0,4000,0,1,0,0,0,0,0,0,0,0,4300,4300,0.1,0.5,4400,4400,0.1,0.5
2000001,[M20_00_Temple] Narrow space (default) -- 【m20_00_寺】狭所（デフォルト）,1,0,0,0,101,100,0.5,0.5,201,200,0.5,0.2,301,300,0.5,0.2,301,400,0.5,0.2,501,500,0.5,0.5,1,0,0.1,0.5,701,700,2,0.25,0,0,0.5,0.5,1,900,0.1,0.5,1,1000,0.1,0.5,0,0,0.5,0.5,0,0,0.5,0.5,0,0,0.5,0.5,0,0,0.5,0.5,0,0,0.5,0.5,1,1600,0.1,0.5,1,1700,0.1,0.5,1,1800,0.3,0.5,0,0,0.5,0.5,2000,2000,0.1,0.5,2000,2100,0.1,0.5,0,0,0.5,0.5,0,0,0.5,0.5,0,0,0.5,0.5,0,0,0.5,0.5,2600,2600,0.1,0.5,2700,2000,0.3,0.5,0,0,0.5,0.5,0,0,0.5,0.5,3000,3000,0.3,0.5,3000,3100,0.1,0.5,3200,3200,0.1,0.5,3200,3300,0.1,0.5,3400,3400,0.1,0.5,3400,3500,0.1,0.5,0,0,0,0,3700,3000,0.3,0.5,0,0,0,0,0,0,0,0,1,4000,0,1,0,0,0,0,0,0,0,0,4300,4300,0.1,0.5,4400,4400,0.1,0.5
2000002,[M20_00_Temple] Wide indoor (default) -- 【m20_00_寺】屋内広め（デフォルト）,2,0,0,0,102,100,0.5,0.5,202,200,0.5,0.2,302,300,0.5,0.2,302,400,0.5,0.2,502,500,0.5,0.5,2,0,0.1,0.5,702,700,2,0.25,0,0,0.5,0.5,2,900,0.1,0.5,2,1000,0.1,0.5,0,0,0.5,0.5,0,0,0.5,0.5,0,0,0.5,0.5,0,0,0.5,0.5,0,0,0.5,0.5,2,1600,0.1,0.5,2,1700,0.1,0.5,2,1800,0.3,0.5,0,0,0.5,0.5,2000,2000,0.1,0.5,2000,2100,0.1,0.5,0,0,0.5,0.5,0,0,0.5,0.5,0,0,0.5,0.5,0,0,0.5,0.5,2600,2600,0.1,0.5,2700,2000,0.3,0.5,0,0,0.5,0.5,0,0,0.5,0.5,3000,3000,0.3,0.5,3000,3100,0.1,0.5,3200,3200,0.1,0.5,3200,3300,0.1,0.5,3400,3400,0.1,0.5,3400,3500,0.1,0.5,0,0,0,0,3700,3000,0.3,0.5,0,0,0,0,0,0,0,0,2,4000,0,1,0,0,0,0,0,0,0,0,4300,4300,0.1,0.5,4400,4400,0.1,0.5
2000003,[M20_00_Temple] Up wire (default) -- 【m20_00_寺】上りワイヤー（デフォルト）,0,0,0,0,100,100,0.5,0.5,200,200,0.5,0.2,300,300,0.5,0.2,300,400,0.5,0.2,500,500,0.5,0.5,0,0,0.1,0.5,700,700,2,0.25,0,0,0.5,0.5,0,903,0.1,0.5,0,1000,0.1,0.5,0,0,0.5,0.5,0,0,0.5,0.5,0,0,0.5,0.5,0,0,0.5,0.5,0,0,0.5,0.5,0,1600,0.1,0.5,0,1703,0.1,0.5,0,1803,0.3,0.5,0,0,0.5,0.5,2000,2000,0.1,0.5,2000,2100,0.1,0.5,0,0,0.5,0.5,0,0,0.5,0.5,0,0,0.5,0.5,0,0,0.5,0.5,2600,2600,0.1,0.5,2700,2000,0.3,0.5,0,0,0.5,0.5,0,0,0.5,0.5,3000,3000,0.3,0.5,3000,3100,0.1,0.5,3200,3200,0.1,0.5,3200,3300,0.1,0.5,3400,3400,0.1,0.5,3400,3500,0.1,0.5,0,0,0,0,3700,3000,0.3,0.5,0,0,0,0,0,0,0,0,0,4000,0,1,0,0,0,0,0,0,0,0,4300,4300,0.1,0.5,4400,4400,0.1,0.5
2000900,[M20_00_Temple] Crouching with a low ceiling (test) -- 【m20_00_寺】天井が低いしゃがみ状態（テスト）,0,0,0,0,100,104,0.5,0.5,200,200,0.5,0.2,300,300,0.5,0.2,300,400,0.5,0.2,500,500,0.5,0.5,0,0,0.1,0.5,700,700,2,0.25,0,0,0.5,0.5,0,900,0.1,0.5,0,1000,0.1,0.5,0,0,0.5,0.5,0,0,0.5,0.5,0,0,0.5,0.5,0,0,0.5,0.5,0,0,0.5,0.5,0,1600,0.1,0.5,0,1700,0.1,0.5,0,1800,0.3,0.5,0,0,0.5,0.5,2000,2000,0.1,0.5,2000,2100,0.1,0.5,0,0,0.5,0.5,0,0,0.5,0.5,0,0,0.5,0.5,0,0,0.5,0.5,2600,2600,0.1,0.5,2700,2000,0.3,0.5,0,0,0.5,0.5,0,0,0.5,0.5,3000,3000,0.3,0.5,3000,3100,0.1,0.5,3200,3200,0.1,0.5,3200,3300,0.1,0.5,3400,3400,0.1,0.5,3400,3500,0.1,0.5,0,0,0,0,3700,3000,0.3,0.5,0,0,0,0,0,0,0,0,0,4000,0,1,0,0,0,0,0,0,0,0,4300,4300,0.1,0.5,4400,4400,0.1,0.5
2500000,[M25_00_submerged city] Normal state (default) -- 【m25_00_水没都】通常状態（デフォルト）,0,0,0,0,100,100,0.5,0.5,200,200,0.5,0.2,300,300,0.5,0.2,300,400,0.5,0.2,500,500,0.5,0.5,0,0,0.1,0.5,700,700,2,0.25,0,0,0.5,0.5,0,900,0.1,0.5,0,1000,0.1,0.5,0,0,0.5,0.5,0,0,0.5,0.5,0,0,0.5,0.5,0,0,0.5,0.5,0,0,0.5,0.5,0,1600,0.1,0.5,0,1700,0.1,0.5,0,1800,0.3,0.5,0,0,0.5,0.5,2000,2000,0.1,0.5,2000,2100,0.1,0.5,0,0,0.5,0.5,0,0,0.5,0.5,0,0,0.5,0.5,0,0,0.5,0.5,2600,2600,0.1,0.5,2700,2000,0.3,0.5,0,0,0.5,0.5,0,0,0.5,0.5,3000,3000,0.3,0.5,3000,3100,0.1,0.5,3200,3200,0.1,0.5,3200,3300,0.1,0.5,3400,3400,0.1,0.5,3400,3500,0.1,0.5,0,0,0,0,3700,3000,0.3,0.5,0,0,0,0,0,0,0,0,0,4000,0,1,0,0,0,0,0,0,0,0,4300,4300,0.1,0.5,4400,4400,0.1,0.5
2500001,[M25_00_ Submerged City] Narrow space (default) -- 【m25_00_水没都】狭所（デフォルト）,1,0,0,0,101,100,0.5,0.5,201,200,0.5,0.2,301,300,0.5,0.2,301,400,0.5,0.2,501,500,0.5,0.5,1,0,0.1,0.5,701,700,2,0.25,0,0,0.5,0.5,1,900,0.1,0.5,1,1000,0.1,0.5,0,0,0.5,0.5,0,0,0.5,0.5,0,0,0.5,0.5,0,0,0.5,0.5,0,0,0.5,0.5,1,1600,0.1,0.5,1,1700,0.1,0.5,1,1800,0.3,0.5,0,0,0.5,0.5,2000,2000,0.1,0.5,2000,2100,0.1,0.5,0,0,0.5,0.5,0,0,0.5,0.5,0,0,0.5,0.5,0,0,0.5,0.5,2600,2600,0.1,0.5,2700,2000,0.3,0.5,0,0,0.5,0.5,0,0,0.5,0.5,3000,3000,0.3,0.5,3000,3100,0.1,0.5,3200,3200,0.1,0.5,3200,3300,0.1,0.5,3400,3400,0.1,0.5,3400,3500,0.1,0.5,0,0,0,0,3700,3000,0.3,0.5,0,0,0,0,0,0,0,0,1,4000,0,1,0,0,0,0,0,0,0,0,4300,4300,0.1,0.5,4400,4400,0.1,0.5
2500002,[M25_00_ Submerged City] Wide indoor (default) -- 【m25_00_水没都】屋内広め（デフォルト）,2,0,0,0,102,100,0.5,0.5,202,200,0.5,0.2,302,300,0.5,0.2,302,400,0.5,0.2,502,500,0.5,0.5,2,0,0.1,0.5,702,700,2,0.25,0,0,0.5,0.5,2,900,0.1,0.5,2,1000,0.1,0.5,0,0,0.5,0.5,0,0,0.5,0.5,0,0,0.5,0.5,0,0,0.5,0.5,0,0,0.5,0.5,2,1600,0.1,0.5,2,1700,0.1,0.5,2,1800,0.3,0.5,0,0,0.5,0.5,2000,2000,0.1,0.5,2000,2100,0.1,0.5,0,0,0.5,0.5,0,0,0.5,0.5,0,0,0.5,0.5,0,0,0.5,0.5,2600,2600,0.1,0.5,2700,2000,0.3,0.5,0,0,0.5,0.5,0,0,0.5,0.5,3000,3000,0.3,0.5,3000,3100,0.1,0.5,3200,3200,0.1,0.5,3200,3300,0.1,0.5,3400,3400,0.1,0.5,3400,3500,0.1,0.5,0,0,0,0,3700,3000,0.3,0.5,0,0,0,0,0,0,0,0,2,4000,0,1,0,0,0,0,0,0,0,0,4300,4300,0.1,0.5,4400,4400,0.1,0.5
2500003,[M25_00_submerged city] Up wire (default) -- 【m25_00_水没都】上りワイヤー（デフォルト）,0,0,0,0,100,100,0.5,0.5,200,200,0.5,0.2,300,300,0.5,0.2,300,400,0.5,0.2,500,500,0.5,0.5,0,0,0.1,0.5,700,700,2,0.25,0,0,0.5,0.5,0,903,0.1,0.5,0,1000,0.1,0.5,0,0,0.5,0.5,0,0,0.5,0.5,0,0,0.5,0.5,0,0,0.5,0.5,0,0,0.5,0.5,0,1600,0.1,0.5,0,1703,0.1,0.5,0,1803,0.3,0.5,0,0,0.5,0.5,2000,2000,0.1,0.5,2000,2100,0.1,0.5,0,0,0.5,0.5,0,0,0.5,0.5,0,0,0.5,0.5,0,0,0.5,0.5,2600,2600,0.1,0.5,2700,2000,0.3,0.5,0,0,0.5,0.5,0,0,0.5,0.5,3000,3000,0.3,0.5,3000,3100,0.1,0.5,3200,3200,0.1,0.5,3200,3300,0.1,0.5,3400,3400,0.1,0.5,3400,3500,0.1,0.5,0,0,0,0,3700,3000,0.3,0.5,0,0,0,0,0,0,0,0,0,4000,0,1,0,0,0,0,0,0,0,0,4300,4300,0.1,0.5,4400,4400,0.1,0.5
2500010,[M25_00_ Submerged City] Nishikigoi Battle Area -- 【m25_00_水没都】錦鯉戦闘エリア,0,0,0,0,100,100,0.5,0.5,200,200,0.5,0.2,300,300,0.5,0.2,300,400,0.5,0.2,500,500,0.5,0.5,0,0,0.1,0.5,700,700,2,0.25,0,0,0.5,0.5,0,900,0.1,0.5,0,1000,0.1,0.5,0,0,0.5,0.5,0,0,0.5,0.5,0,0,0.5,0.5,0,0,0.5,0.5,0,0,0.5,0.5,0,1600,0.1,0.5,0,1700,0.1,0.5,0,1800,0.3,0.5,0,0,0.5,0.5,2000,2000,0.1,0.5,2000,2100,0.1,0.5,0,0,0.5,0.5,0,0,0.5,0.5,0,0,0.5,0.5,0,0,0.5,0.5,2600,2600,0.1,0.5,2700,2000,0.3,0.5,0,0,0.5,0.5,0,0,0.5,0.5,3020,3000,0.3,0.5,3020,3100,0.1,0.5,3220,3200,0.1,0.5,3220,3300,0.1,0.5,3440,3400,0.1,0.5,3440,3500,0.1,0.5,0,0,0,0,3720,3000,0.3,0.5,0,0,0,0,0,0,0,0,0,4000,0,1,0,0,0,0,0,0,0,0,4300,4300,0.1,0.5,4400,4400,0.1,0.5
2500200,[M25_00_ Submerged City] Nishikigoi -- 【m25_00_水没都】錦鯉,0,0,0,0,100,100,0.5,0.5,200,200,0.5,0.2,300,300,0.5,0.2,300,400,0.5,0.2,500,500,0.5,0.5,0,0,0.1,0.5,700,700,2,0.25,0,0,0.5,0.5,0,900,0.1,0.5,0,1000,0.1,0.5,0,0,0.5,0.5,0,0,0.5,0.5,0,0,0.5,0.5,0,0,0.5,0.5,0,0,0.5,0.5,0,1600,0.1,0.5,0,1700,0.1,0.5,0,1800,0.3,0.5,0,0,0.5,0.5,2000,2000,0.1,0.5,2000,2100,0.1,0.5,0,0,0.5,0.5,0,0,0.5,0.5,0,0,0.5,0.5,0,0,0.5,0.5,2600,2600,0.1,0.5,2700,2000,0.3,0.5,0,0,0.5,0.5,0,0,0.5,0.5,5050000,3000,0.3,0.5,5050000,3100,0.1,0.5,5050000,3200,0.1,0.5,5050000,3300,0.1,0.5,5050000,3400,0.1,0.5,5050000,3500,0.1,0.5,0,0,0,0,5050000,3000,0.3,0.5,0,0,0,0,0,0,0,0,0,4000,0,1,0,0,0,0,0,0,0,0,4300,4300,0.1,0.5,4400,4400,0.1,0.5
2500210,[M25_00_ Submerged City] Nishikigoi Bridge Event -- 【m25_00_水没都】錦鯉橋イベント,5050100,0,0,0,5050101,100,0.5,0.5,200,200,0.5,0.2,300,300,0.5,0.2,300,400,0.5,0.2,500,500,0.5,0.5,0,0,0.1,0.5,700,700,2,0.25,0,0,0.5,0.5,0,900,0.1,0.5,5050100,1000,0.1,0.5,0,0,0.5,0.5,0,0,0.5,0.5,0,0,0.5,0.5,0,0,0.5,0.5,0,0,0.5,0.5,0,1600,0.1,0.5,0,1700,0.1,0.5,0,1800,0.3,0.5,0,0,0.5,0.5,2000,2000,0.1,0.5,2000,2100,0.1,0.5,0,0,0.5,0.5,0,0,0.5,0.5,0,0,0.5,0.5,0,0,0.5,0.5,2600,2600,0.1,0.5,2700,2000,0.3,0.5,0,0,0.5,0.5,0,0,0.5,0.5,3000,3000,0.3,0.5,3000,3100,0.1,0.5,3200,3200,0.1,0.5,3200,3300,0.1,0.5,3400,3400,0.1,0.5,3400,3500,0.1,0.5,0,0,0,0,3700,3000,0.3,0.5,0,0,0,0,0,0,0,0,0,4000,0,1,0,0,0,0,0,0,0,0,4300,4300,0.1,0.5,4400,4400,0.1,0.5
2500500,[M25_00_submerged city] Mermaid dragon_normal -- 【m25_00_水没都】人魚竜_通常,5200000,5200000,0,0,5200001,5200001,0.5,0.5,200,200,0.5,0.2,300,300,0.5,0.2,300,400,0.5,0.2,500,500,0.5,0.5,5200000,5200000,0.1,0.5,5200007,5200007,2,0.25,0,0,0.5,0.5,5200000,5200009,0.1,0.5,5200000,5200010,0.1,0.5,0,0,0.5,0.5,0,0,0.5,0.5,0,0,0.5,0.5,0,0,0.5,0.5,0,0,0.5,0.5,5200000,5200016,0.1,0.5,5200000,5200017,0.1,0.5,5200000,5200018,0.3,0.5,0,0,0.5,0.5,2000,2000,0.1,0.5,2000,2100,0.1,0.5,0,0,0.5,0.5,0,0,0.5,0.5,0,0,0.5,0.5,0,0,0.5,0.5,2600,2600,0.1,0.5,2700,2000,0.3,0.5,0,0,0.5,0.5,0,0,0.5,0.5,3000,3000,0.3,0.5,3000,3100,0.1,0.5,3200,3200,0.1,0.5,3200,3300,0.1,0.5,3400,3400,0.1,0.5,3400,3500,0.1,0.5,0,0,0,0,3700,3000,0.3,0.5,0,0,0,0,0,0,0,0,5200000,4000,0,1,0,0,0,0,0,0,0,0,4300,4300,0.1,0.5,4400,4400,0.1,0.5
2500501,[M25_00_Submerged City] Mermaid Dragon_Storm Jump Near the top -- 【m25_00_水没都】人魚竜_ストームジャンプ頂点付近,5200100,5200000,0,0,5200100,5200001,0.5,0.5,200,200,0.5,0.2,300,300,0.5,0.2,300,400,0.5,0.2,500,500,0.5,0.5,5200100,5200000,0.1,0.5,5200100,5200007,2,0.25,0,0,0.5,0.5,5200100,5200009,0.1,0.5,5200100,5200110,0.1,0.5,0,0,0.5,0.5,0,0,0.5,0.5,0,0,0.5,0.5,0,0,0.5,0.5,0,0,0.5,0.5,5200100,5200016,0.1,0.5,5200100,5200017,0.1,0.5,5200100,5200018,0.3,0.5,0,0,0.5,0.5,2000,2000,0.1,0.5,2000,2100,0.1,0.5,0,0,0.5,0.5,0,0,0.5,0.5,0,0,0.5,0.5,0,0,0.5,0.5,2600,2600,0.1,0.5,2700,2000,0.3,0.5,0,0,0.5,0.5,0,0,0.5,0.5,3000,3000,0.3,0.5,3000,3100,0.1,0.5,3200,3200,0.1,0.5,3200,3300,0.1,0.5,3400,3400,0.1,0.5,3400,3500,0.1,0.5,0,0,0,0,3700,3000,0.3,0.5,0,0,0,0,0,0,0,0,5200100,4000,0,1,0,0,0,0,0,0,0,0,4300,4300,0.1,0.5,4400,4400,0.1,0.5
2500502,[M25_00_Submerged City] Mermaid Dragon_After Storm Jump -- 【m25_00_水没都】人魚竜_ストームジャンプ後中,5200200,5200000,0,0,5200200,5200001,0.5,0.5,200,200,0.5,0.2,300,300,0.5,0.2,300,400,0.5,0.2,500,500,0.5,0.5,5200200,5200000,0.1,0.5,5200200,5200007,2,0.25,0,0,0.5,0.5,5200200,5200009,0.1,0.5,5200200,5200110,0.1,0.5,0,0,0.5,0.5,0,0,0.5,0.5,0,0,0.5,0.5,0,0,0.5,0.5,0,0,0.5,0.5,5200200,5200016,0.1,0.5,5200200,5200017,0.1,0.5,5200200,5200018,0.3,0.5,0,0,0.5,0.5,2000,2000,0.1,0.5,2000,2100,0.1,0.5,0,0,0.5,0.5,0,0,0.5,0.5,0,0,0.5,0.5,0,0,0.5,0.5,2600,2600,0.1,0.5,2700,2000,0.3,0.5,0,0,0.5,0.5,0,0,0.5,0.5,3000,3000,0.3,0.5,3000,3100,0.1,0.5,3200,3200,0.1,0.5,3200,3300,0.1,0.5,3400,3400,0.1,0.5,3400,3500,0.1,0.5,0,0,0,0,3700,3000,0.3,0.5,0,0,0,0,0,0,0,0,5200200,4000,0,1,0,0,0,0,0,0,0,0,4300,4300,0.1,0.5,4400,4400,0.1,0.5
2500503,[M25_00_Submerged City] Mermaid Dragon_Thunderback Blowing away_Pulling strongly -- 【m25_00_水没都】人魚竜_雷返し吹き飛ばし中_強く引く,5200300,5200000,0,0,5200300,5200001,0.5,0.5,200,200,0.5,0.2,300,300,0.5,0.2,300,400,0.5,0.2,500,500,0.5,0.5,5200300,5200000,0.1,0.5,5200300,5200007,2,0.25,0,0,0.5,0.5,5200300,5200009,0.1,0.5,5200300,5200120,0.1,0.5,0,0,0.5,0.5,0,0,0.5,0.5,0,0,0.5,0.5,0,0,0.5,0.5,0,0,0.5,0.5,5200300,5200016,0.1,0.5,5200300,5200017,0.1,0.5,5200300,5200018,0.3,0.5,0,0,0.5,0.5,2000,2000,0.1,0.5,2000,2100,0.1,0.5,0,0,0.5,0.5,0,0,0.5,0.5,0,0,0.5,0.5,0,0,0.5,0.5,2600,2600,0.1,0.5,2700,2000,0.3,0.5,0,0,0.5,0.5,0,0,0.5,0.5,3000,3000,0.3,0.5,3000,3100,0.1,0.5,3200,3200,0.1,0.5,3200,3300,0.1,0.5,3400,3400,0.1,0.5,3400,3500,0.1,0.5,0,0,0,0,3700,3000,0.3,0.5,0,0,0,0,0,0,0,0,5200300,4000,0,1,0,0,0,0,0,0,0,0,4300,4300,0.1,0.5,4400,4400,0.1,0.5
2500504,[M25_00_Submerged City] Mermaid Dragon_Thunderback Blow-off _ Pull to some extent -- 【m25_00_水没都】人魚竜_雷返し吹き飛ばし中_ある程度引く,5200310,5200000,0,0,5200310,5200001,0.5,0.5,200,200,0.5,0.2,300,300,0.5,0.2,300,400,0.5,0.2,500,500,0.5,0.5,5200310,5200000,0.1,0.5,5200310,5200007,2,0.25,0,0,0.5,0.5,5200310,5200009,0.1,0.5,5200310,5200120,0.1,0.5,0,0,0.5,0.5,0,0,0.5,0.5,0,0,0.5,0.5,0,0,0.5,0.5,0,0,0.5,0.5,5200310,5200016,0.1,0.5,5200310,5200017,0.1,0.5,5200310,5200018,0.3,0.5,0,0,0.5,0.5,2000,2000,0.1,0.5,2000,2100,0.1,0.5,0,0,0.5,0.5,0,0,0.5,0.5,0,0,0.5,0.5,0,0,0.5,0.5,2600,2600,0.1,0.5,2700,2000,0.3,0.5,0,0,0.5,0.5,0,0,0.5,0.5,3000,3000,0.3,0.5,3000,3100,0.1,0.5,3200,3200,0.1,0.5,3200,3300,0.1,0.5,3400,3400,0.1,0.5,3400,3500,0.1,0.5,0,0,0,0,3700,3000,0.3,0.5,0,0,0,0,0,0,0,0,5200310,4000,0,1,0,0,0,0,0,0,0,0,4300,4300,0.1,0.5,4400,4400,0.1,0.5
2500550,[M25_00_Submerged City] Haunting Monk_Normal -- 【m25_00_水没都】破戒僧_通常,5000000,0,0,0,5000001,100,0.5,0.5,200,200,0.5,0.2,300,300,0.5,0.2,300,400,0.5,0.2,500,500,0.5,0.5,5000000,0,0.1,0.5,5000007,700,2,0.25,0,0,0.5,0.5,5000000,900,0.1,0.5,5000000,1000,0.1,0.5,0,0,0.5,0.5,0,0,0.5,0.5,0,0,0.5,0.5,0,0,0.5,0.5,0,0,0.5,0.5,5000000,1600,0.1,0.5,5000000,1700,0.1,0.5,5000000,1800,0.3,0.5,0,0,0.5,0.5,2000,2000,0.1,0.5,2000,2100,0.1,0.5,0,0,0.5,0.5,0,0,0.5,0.5,0,0,0.5,0.5,0,0,0.5,0.5,2600,2600,0.1,0.5,2700,2000,0.3,0.5,0,0,0.5,0.5,0,0,0.5,0.5,3000,3000,0.3,0.5,3000,3100,0.1,0.5,3200,3200,0.1,0.5,3200,3300,0.1,0.5,3400,3400,0.1,0.5,3400,3500,0.1,0.5,0,0,0,0,3700,3000,0.3,0.5,0,0,0,0,0,0,0,0,5000000,4000,0,1,0,0,0,0,0,0,0,0,4300,4300,0.1,0.5,4400,4400,0.1,0.5
2500551,[M25_00_Submerged City] Haunting Monk_On the Tree -- 【m25_00_水没都】破戒僧_木の上,5000100,0,0,0,5000101,100,0.5,0.5,200,200,0.5,0.2,300,300,0.5,0.2,300,400,0.5,0.2,500,500,0.5,0.5,5000100,0,0.1,0.5,5000107,700,2,0.25,0,0,0.5,0.5,5000100,900,0.1,0.5,5000100,1000,0.1,0.5,0,0,0.5,0.5,0,0,0.5,0.5,0,0,0.5,0.5,0,0,0.5,0.5,0,0,0.5,0.5,5000100,1600,0.1,0.5,5000100,1700,0.1,0.5,5000100,1800,0.3,0.5,0,0,0.5,0.5,2000,2000,0.1,0.5,2000,2100,0.1,0.5,0,0,0.5,0.5,0,0,0.5,0.5,0,0,0.5,0.5,0,0,0.5,0.5,2600,2600,0.1,0.5,2700,2000,0.3,0.5,0,0,0.5,0.5,0,0,0.5,0.5,3000,3000,0.3,0.5,3000,3100,0.1,0.5,3200,3200,0.1,0.5,3200,3300,0.1,0.5,3400,3400,0.1,0.5,3400,3500,0.1,0.5,0,0,0,0,3700,3000,0.3,0.5,0,0,0,0,0,0,0,0,5000100,4000,0,1,0,0,0,0,0,0,0,0,4300,4300,0.1,0.5,4400,4400,0.1,0.5
2500600,[M25_00_ Submerged City] Okiryu -- 【m25_00_水没都】翁竜,5300000,5300000,0,0,5300001,5300001,0.5,0.5,200,200,0.5,0.2,300,300,0.5,0.2,300,400,0.5,0.2,500,500,0.5,0.5,5300000,5300000,0.1,0.5,5300007,5300007,2,0.25,0,0,0.5,0.5,5300000,5300000,0.1,0.5,5300000,5300000,0.1,0.5,0,0,0.5,0.5,0,0,0.5,0.5,0,0,0.5,0.5,0,0,0.5,0.5,0,0,0.5,0.5,5300000,5300000,0.1,0.5,5300000,5300000,0.1,0.5,5300000,5300000,0.3,0.5,0,0,0.5,0.5,2000,2000,0.1,0.5,2000,2100,0.1,0.5,0,0,0.5,0.5,0,0,0.5,0.5,0,0,0.5,0.5,0,0,0.5,0.5,2600,2600,0.1,0.5,2700,2000,0.3,0.5,0,0,0.5,0.5,0,0,0.5,0.5,3000,3000,0.3,0.5,3000,3100,0.1,0.5,3200,3200,0.1,0.5,3200,3300,0.1,0.5,3400,3400,0.1,0.5,3400,3500,0.1,0.5,0,0,0,0,3700,3000,0.3,0.5,0,0,0,0,0,0,0,0,5300000,4000,0,1,0,0,0,0,0,0,0,0,4300,4300,0.1,0.5,4400,4400,0.1,0.5
2500610,[M25_00_submerged city] Okiryu_tentacles are appearing -- 【m25_00_水没都】翁竜_触手登場中,5300100,5300100,0,0,5300101,5300101,0.5,0.5,200,200,0.5,0.2,300,300,0.5,0.2,300,400,0.5,0.2,500,500,0.5,0.5,5300100,5300100,0.1,0.5,5300107,5300107,2,0.25,0,0,0.5,0.5,5300100,5300100,0.1,0.5,5300100,5300100,0.1,0.5,0,0,0.5,0.5,0,0,0.5,0.5,0,0,0.5,0.5,0,0,0.5,0.5,0,0,0.5,0.5,5300100,5300100,0.1,0.5,5300100,5300100,0.1,0.5,5300100,5300100,0.3,0.5,0,0,0.5,0.5,2000,2000,0.1,0.5,2000,2100,0.1,0.5,0,0,0.5,0.5,0,0,0.5,0.5,0,0,0.5,0.5,0,0,0.5,0.5,2600,2600,0.1,0.5,2700,2000,0.3,0.5,0,0,0.5,0.5,0,0,0.5,0.5,3000,3000,0.3,0.5,3000,3100,0.1,0.5,3200,3200,0.1,0.5,3200,3300,0.1,0.5,3400,3400,0.1,0.5,3400,3500,0.1,0.5,0,0,0,0,3700,3000,0.3,0.5,0,0,0,0,0,0,0,0,5300100,4000,0,1,0,0,0,0,0,0,0,0,4300,4300,0.1,0.5,4400,4400,0.1,0.5
9620000,Prototype map-normal state (default) -- プロトタイプマップ-通常状態（デフォルト),0,0,0,0,100,100,0.5,0.5,200,200,0.5,0.2,300,300,0.5,0.2,300,400,0.5,0.2,500,500,0.5,0.5,0,0,0.1,0.5,700,700,2,0.25,0,0,0.5,0.5,0,900,0.1,0.5,0,1000,0.1,0.5,0,0,0.5,0.5,0,0,0.5,0.5,0,0,0.5,0.5,0,0,0.5,0.5,0,0,0.5,0.5,0,1600,0.1,0.5,0,1700,0.1,0.5,0,1800,0.3,0.5,0,0,0.5,0.5,2000,2000,0.1,0.5,2000,2100,0.1,0.5,0,0,0.5,0.5,0,0,0.5,0.5,0,0,0.5,0.5,0,0,0.5,0.5,2600,2600,0.1,0.5,2700,2000,0.3,0.5,0,0,0.5,0.5,0,0,0.5,0.5,3000,3000,0.3,0.5,3000,3100,0.1,0.5,3200,3200,0.1,0.5,3200,3300,0.1,0.5,3400,3400,0.1,0.5,3400,3500,0.1,0.5,0,0,0,0,3700,3000,0.3,0.5,0,0,0,0,0,0,0,0,0,4000,0,1,0,0,0,0,0,0,0,0,4300,4300,0.1,0.5,4400,4400,0.1,0.5
9620001,Prototype map-narrow space (default) -- プロトタイプマップ-狭所（デフォルト）,1,0,0,0,101,100,0.5,0.5,201,200,0.5,0.2,301,300,0.5,0.2,301,400,0.5,0.2,501,500,0.5,0.5,1,0,0.1,0.5,701,700,2,0.25,0,0,0.5,0.5,1,900,0.1,0.5,1,1000,0.1,0.5,0,0,0.5,0.5,0,0,0.5,0.5,0,0,0.5,0.5,0,0,0.5,0.5,0,0,0.5,0.5,1,1600,0.1,0.5,1,1700,0.1,0.5,1,1800,0.3,0.5,0,0,0.5,0.5,2000,2000,0.1,0.5,2000,2100,0.1,0.5,0,0,0.5,0.5,0,0,0.5,0.5,0,0,0.5,0.5,0,0,0.5,0.5,2600,2600,0.1,0.5,2700,2000,0.3,0.5,0,0,0.5,0.5,0,0,0.5,0.5,3000,3000,0.3,0.5,3000,3100,0.1,0.5,3200,3200,0.1,0.5,3200,3300,0.1,0.5,3400,3400,0.1,0.5,3400,3500,0.1,0.5,0,0,0,0,3700,3000,0.3,0.5,0,0,0,0,0,0,0,0,1,4000,0,1,0,0,0,0,0,0,0,0,4300,4300,0.1,0.5,4400,4400,0.1,0.5
9620002,Prototype Map-Wide Indoors (Default) -- プロトタイプマップ-屋内広め（デフォルト）,2,0,0,0,102,100,0.5,0.5,202,200,0.5,0.2,302,300,0.5,0.2,302,400,0.5,0.2,502,500,0.5,0.5,2,0,0.1,0.5,702,700,2,0.25,0,0,0.5,0.5,2,900,0.1,0.5,2,1000,0.1,0.5,0,0,0.5,0.5,0,0,0.5,0.5,0,0,0.5,0.5,0,0,0.5,0.5,0,0,0.5,0.5,2,1600,0.1,0.5,2,1700,0.1,0.5,2,1800,0.3,0.5,0,0,0.5,0.5,2000,2000,0.1,0.5,2000,2100,0.1,0.5,0,0,0.5,0.5,0,0,0.5,0.5,0,0,0.5,0.5,0,0,0.5,0.5,2600,2600,0.1,0.5,2700,2000,0.3,0.5,0,0,0.5,0.5,0,0,0.5,0.5,3000,3000,0.3,0.5,3000,3100,0.1,0.5,3200,3200,0.1,0.5,3200,3300,0.1,0.5,3400,3400,0.1,0.5,3400,3500,0.1,0.5,0,0,0,0,3700,3000,0.3,0.5,0,0,0,0,0,0,0,0,2,4000,0,1,0,0,0,0,0,0,0,0,4300,4300,0.1,0.5,4400,4400,0.1,0.5
9620003,Prototype map-up wire (default) -- プロトタイプマップ-上りワイヤー（デフォルト）,0,0,0,0,100,100,0.5,0.5,200,200,0.5,0.2,300,300,0.5,0.2,300,400,0.5,0.2,500,500,0.5,0.5,0,0,0.1,0.5,700,700,2,0.25,0,0,0.5,0.5,0,903,0.1,0.5,0,1000,0.1,0.5,0,0,0.5,0.5,0,0,0.5,0.5,0,0,0.5,0.5,0,0,0.5,0.5,0,0,0.5,0.5,0,1600,0.1,0.5,0,1703,0.1,0.5,0,1803,0.3,0.5,0,0,0.5,0.5,2000,2000,0.1,0.5,2000,2100,0.1,0.5,0,0,0.5,0.5,0,0,0.5,0.5,0,0,0.5,0.5,0,0,0.5,0.5,2600,2600,0.1,0.5,2700,2000,0.3,0.5,0,0,0.5,0.5,0,0,0.5,0.5,3000,3000,0.3,0.5,3000,3100,0.1,0.5,3200,3200,0.1,0.5,3200,3300,0.1,0.5,3400,3400,0.1,0.5,3400,3500,0.1,0.5,0,0,0,0,3700,3000,0.3,0.5,0,0,0,0,0,0,0,0,0,4000,0,1,0,0,0,0,0,0,0,0,4300,4300,0.1,0.5,4400,4400,0.1,0.5
9620200,Prototype map-over the shinboku -- プロトタイプマップ-御神木上空,20,0,0,0,120,100,0.5,0.5,200,200,0.5,0.2,300,300,0.5,0.2,300,400,0.5,0.2,500,500,0.5,0.5,20,0,0.1,0.5,700,700,2,0.25,0,0,0.5,0.5,20,900,0.1,0.5,20,1000,0.1,0.5,0,0,0.5,0.5,0,0,0.5,0.5,0,0,0.5,0.5,0,0,0.5,0.5,0,0,0.5,0.5,20,1600,0.1,0.5,20,1700,0.1,0.5,20,1800,0.3,0.5,0,0,0.5,0.5,2000,2000,0.1,0.5,2000,2100,0.1,0.5,0,0,0.5,0.5,0,0,0.5,0.5,0,0,0.5,0.5,0,0,0.5,0.5,2600,2600,0.1,0.5,2700,2000,0.3,0.5,0,0,0.5,0.5,0,0,0.5,0.5,3000,3000,0.3,0.5,3000,3100,0.1,0.5,3200,3200,0.1,0.5,3200,3300,0.1,0.5,3400,3400,0.1,0.5,3400,3500,0.1,0.5,0,0,0,0,3700,3000,0.3,0.5,0,0,0,0,0,0,0,0,20,4000,0,1,0,0,0,0,0,0,0,0,4300,4300,0.1,0.5,4400,4400,0.1,0.5
9620201,Prototype map-invades the litter -- プロトタイプマップ-輿に侵入,0,0,0,0,100,100,0.5,0.5,200,200,0.5,0.2,300,300,0.5,0.2,300,400,0.5,0.2,500,500,0.5,0.5,0,0,0.1,0.5,700,700,2,0.25,0,0,0.5,0.5,0,900,0.1,0.5,0,1000,0.1,0.5,0,0,0.5,0.5,0,0,0.5,0.5,0,0,0.5,0.5,0,0,0.5,0.5,0,0,0.5,0.5,0,1600,0.1,0.5,0,1700,0.1,0.5,0,1800,0.3,0.5,0,0,0.5,0.5,2000,2000,0.1,0.5,2000,2100,0.1,0.5,0,0,0.5,0.5,0,0,0.5,0.5,0,0,0.5,0.5,0,0,0.5,0.5,2600,2600,0.1,0.5,2700,2000,0.3,0.5,0,0,0.5,0.5,0,0,0.5,0.5,3000,3000,0.3,0.5,3000,3100,0.1,0.5,3200,3200,0.1,0.5,3200,3300,0.1,0.5,3400,3400,0.1,0.5,3400,3500,0.1,0.5,0,0,0,0,3700,3000,0.3,0.5,0,0,0,0,0,0,0,0,0,4000,0,1,0,0,0,0,0,0,0,0,4300,4300,0.1,0.5,4400,4400,0.1,0.5
9620202,Prototype map-pasted in front of Mikamiki -- プロトタイプマップ-御神木前貼り付き,0,0,0,0,100,100,0.5,0.5,221,200,0.5,0.2,300,300,0.5,0.2,300,400,0.5,0.2,500,500,0.5,0.5,0,0,0.1,0.5,700,700,2,0.25,0,0,0.5,0.5,0,900,0.1,0.5,0,1000,0.1,0.5,0,0,0.5,0.5,0,0,0.5,0.5,0,0,0.5,0.5,0,0,0.5,0.5,0,0,0.5,0.5,0,1600,0.1,0.5,0,1700,0.1,0.5,0,1800,0.3,0.5,0,0,0.5,0.5,2000,2000,0.1,0.5,2000,2100,0.1,0.5,0,0,0.5,0.5,0,0,0.5,0.5,0,0,0.5,0.5,0,0,0.5,0.5,2600,2600,0.1,0.5,2700,2000,0.3,0.5,0,0,0.5,0.5,0,0,0.5,0.5,3000,3000,0.3,0.5,3000,3100,0.1,0.5,3200,3200,0.1,0.5,3200,3300,0.1,0.5,3400,3400,0.1,0.5,3400,3500,0.1,0.5,0,0,0,0,3700,3000,0.3,0.5,0,0,0,0,0,0,0,0,0,4000,0,1,0,0,0,0,0,0,0,0,4300,4300,0.1,0.5,4400,4400,0.1,0.5
9620210,Prototype map-straw doll -- プロトタイプマップ-藁人形,5030,0,0,0,5030,100,0.5,0.5,5030,200,0.5,0.2,5030,300,0.5,0.2,5030,400,0.5,0.2,5030,500,0.5,0.5,0,0,0.1,0.5,700,700,2,0.25,0,0,0.5,0.5,5030,900,0.1,0.5,5030,1000,0.1,0.5,0,0,0.5,0.5,0,0,0.5,0.5,0,0,0.5,0.5,0,0,0.5,0.5,0,0,0.5,0.5,5030,1600,0.1,0.5,5030,1700,0.1,0.5,5030,1800,0.3,0.5,0,0,0.5,0.5,2000,2000,0.1,0.5,2000,2100,0.1,0.5,0,0,0.5,0.5,0,0,0.5,0.5,0,0,0.5,0.5,0,0,0.5,0.5,2600,2600,0.1,0.5,2700,2000,0.3,0.5,0,0,0.5,0.5,0,0,0.5,0.5,3000,3000,0.3,0.5,3000,3100,0.1,0.5,3200,3200,0.1,0.5,3200,3300,0.1,0.5,3400,3400,0.1,0.5,3400,3500,0.1,0.5,0,0,0,0,3700,3000,0.3,0.5,0,0,0,0,0,0,0,0,5030,4000,0,1,0,0,0,0,0,0,0,0,4300,4300,0.1,0.5,4400,4400,0.1,0.5
9980000,Test map 998 series_normal state -- テストマップ998系_通常状態,0,0,0,0,100,100,0.5,0.5,200,200,0.5,0.2,300,300,0.5,0.2,300,400,0.5,0.2,500,500,0.5,0.5,0,0,0.1,0.5,700,700,2,0.25,0,0,0.5,0.5,0,900,0.1,0.5,0,1000,0.1,0.5,0,0,0.5,0.5,0,0,0.5,0.5,0,0,0.5,0.5,0,0,0.5,0.5,0,0,0.5,0.5,0,1600,0.1,0.5,0,1700,0.1,0.5,0,1800,0.3,0.5,0,0,0.5,0.5,2000,2000,0.1,0.5,2000,2100,0.1,0.5,0,0,0.5,0.5,0,0,0.5,0.5,0,0,0.5,0.5,0,0,0.5,0.5,2600,2600,0.1,0.5,2700,2000,0.3,0.5,0,0,0.5,0.5,0,0,0.5,0.5,3000,3000,0.3,0.5,3000,3100,0.1,0.5,3200,3200,0.1,0.5,3200,3300,0.1,0.5,3400,3400,0.1,0.5,3400,3500,0.1,0.5,0,0,0,0,3700,3000,0.3,0.5,0,0,0,0,0,0,0,0,0,4000,0,1,0,0,0,0,0,0,0,0,4300,4300,0.1,0.5,4400,4400,0.1,0.5
9980010,Test map 998 series_infinite wall jump -- テストマップ998系_無限壁ジャンプ,10,0,0,0,110,100,0.5,0.5,200,200,0.5,0.2,300,300,0.5,0.2,300,400,0.5,0.2,500,500,0.5,0.5,10,0,0.1,0.5,700,700,2,0.25,0,0,0.5,0.5,10,900,0.1,0.5,10,1000,0.1,0.5,0,0,0.5,0.5,0,0,0.5,0.5,0,0,0.5,0.5,0,0,0.5,0.5,0,0,0.5,0.5,10,1600,0.1,0.5,10,1700,0.1,0.5,10,1800,0.3,0.5,0,0,0.5,0.5,2000,2000,0.1,0.5,2000,2100,0.1,0.5,0,0,0.5,0.5,0,0,0.5,0.5,0,0,0.5,0.5,0,0,0.5,0.5,2600,2600,0.1,0.5,2700,2000,0.3,0.5,0,0,0.5,0.5,0,0,0.5,0.5,3000,3000,0.3,0.5,3000,3100,0.1,0.5,3200,3200,0.1,0.5,3200,3300,0.1,0.5,3400,3400,0.1,0.5,3400,3500,0.1,0.5,0,0,0,0,3700,3000,0.3,0.5,0,0,0,0,0,0,0,0,10,4000,0,1,0,0,0,0,0,0,0,0,4300,4300,0.1,0.5,4400,4400,0.1,0.5
9990000,Test map 999 series_normal state -- テストマップ999系_通常状態,0,0,0,0,100,100,0.5,0.5,200,200,0.5,0.2,300,300,0.5,0.2,300,400,0.5,0.2,500,500,0.5,0.5,0,0,0.1,0.5,700,700,2,0.25,0,0,0.5,0.5,0,900,0.1,0.5,0,1000,0.1,0.5,0,0,0.5,0.5,0,0,0.5,0.5,0,0,0.5,0.5,0,0,0.5,0.5,0,0,0.5,0.5,0,1600,0.1,0.5,0,1700,0.1,0.5,0,1800,0.3,0.5,0,0,0.5,0.5,2000,2000,0.1,0.5,2000,2100,0.1,0.5,0,0,0.5,0.5,0,0,0.5,0.5,0,0,0.5,0.5,0,0,0.5,0.5,2600,2600,0.1,0.5,2700,2000,0.3,0.5,0,0,0.5,0.5,0,0,0.5,0.5,3000,3000,0.3,0.5,3000,3100,0.1,0.5,3200,3200,0.1,0.5,3200,3300,0.1,0.5,3400,3400,0.1,0.5,3400,3500,0.1,0.5,0,0,0,0,3700,3000,0.3,0.5,0,0,0,0,0,0,0,0,0,4000,0,1,0,0,0,0,0,0,0,0,4300,4300,0.1,0.5,4400,4400,0.1,0.5
9990001,Test Map-Overwrite test from Map Studio -- テストマップ-マップスタジオからの上書きテスト,0,0,0,0,100,100,0.5,0.5,200,200,0.5,0.2,300,300,0.5,0.2,300,400,0.5,0.2,500,500,0.5,0.5,0,0,0.1,0.5,700,700,2,0.25,0,0,0.5,0.5,0,900,0.1,0.5,0,1000,0.1,0.5,0,0,0.5,0.5,0,0,0.5,0.5,0,0,0.5,0.5,0,0,0.5,0.5,0,0,0.5,0.5,0,1600,0.1,0.5,0,1700,0.1,0.5,0,1800,0.3,0.5,0,0,0.5,0.5,2000,2000,0.1,0.5,2000,2100,0.1,0.5,0,0,0.5,0.5,0,0,0.5,0.5,0,0,0.5,0.5,0,0,0.5,0.5,2600,2600,0.1,0.5,2700,2000,0.3,0.5,0,0,0.5,0.5,0,0,0.5,0.5,3000,3000,0.3,0.5,3000,3100,0.1,0.5,3200,3200,0.1,0.5,3200,3300,0.1,0.5,3400,3400,0.1,0.5,3400,3500,0.1,0.5,0,0,0,0,3700,3000,0.3,0.5,0,0,0,0,0,0,0,0,0,4000,0,1,0,0,0,0,0,0,0,0,4300,4300,0.1,0.5,4400,4400,0.1,0.5
9990002,Test map-Overwrite test from event -- テストマップ-イベントからの上書きテスト,0,0,0,0,100,100,0.5,0.5,200,200,0.5,0.2,300,300,0.5,0.2,300,400,0.5,0.2,500,500,0.5,0.5,0,0,0.1,0.5,700,700,2,0.25,0,0,0.5,0.5,0,900,0.1,0.5,0,1000,0.1,0.5,0,0,0.5,0.5,0,0,0.5,0.5,0,0,0.5,0.5,0,0,0.5,0.5,0,0,0.5,0.5,0,1600,0.1,0.5,0,1700,0.1,0.5,0,1800,0.3,0.5,0,0,0.5,0.5,2000,2000,0.1,0.5,2000,2100,0.1,0.5,0,0,0.5,0.5,0,0,0.5,0.5,0,0,0.5,0.5,0,0,0.5,0.5,2600,2600,0.1,0.5,2700,2000,0.3,0.5,0,0,0.5,0.5,0,0,0.5,0.5,3000,3000,0.3,0.5,3000,3100,0.1,0.5,3200,3200,0.1,0.5,3200,3300,0.1,0.5,3400,3400,0.1,0.5,3400,3500,0.1,0.5,0,0,0,0,3700,3000,0.3,0.5,0,0,0,0,0,0,0,0,0,4000,0,1,0,0,0,0,0,0,0,0,4300,4300,0.1,0.5,4400,4400,0.1,0.5
9990011,Caucasian slave_test -- 白人奴隷_テスト,0,0,0,0,100,100,0.5,0.5,200,200,0.5,0.2,300,300,0.5,0.2,300,400,0.5,0.2,500,500,0.5,0.5,0,0,0.1,0.5,700,700,2,0.25,0,0,0.5,0.5,0,900,0.1,0.5,0,1000,0.1,0.5,0,0,0.5,0.5,0,0,0.5,0.5,0,0,0.5,0.5,0,0,0.5,0.5,0,0,0.5,0.5,0,1600,0.1,0.5,0,1700,0.1,0.5,0,1800,0.3,0.5,0,0,0.5,0.5,2000,2000,0.1,0.5,2000,2100,0.1,0.5,0,0,0.5,0.5,0,0,0.5,0.5,0,0,0.5,0.5,0,0,0.5,0.5,2600,2600,0.1,0.5,2700,2000,0.3,0.5,0,0,0.5,0.5,0,0,0.5,0.5,3000,3000,0.3,0.5,3000,3100,0.1,0.5,3200,3200,0.1,0.5,3200,3300,0.1,0.5,3400,3400,0.1,0.5,3400,3500,0.1,0.5,0,0,0,0,3700,3000,0.3,0.5,0,0,0,0,0,0,0,0,0,4000,0,1,0,0,0,0,0,0,0,0,4300,4300,0.1,0.5,4400,4400,0.1,0.5
9990100,Yasha Ape_Test_HU Before_HU Normal -- 夜叉猿_テスト_HU前_HU後通常,5100,0,0,0,5100,100,0.5,0.5,200,200,0.5,0.2,300,300,0.5,0.2,300,400,0.5,0.2,500,500,0.5,0.5,0,0,0.1,0.5,700,700,2,0.25,0,0,0.5,0.5,0,900,0.1,0.5,5100,1000,0.1,0.5,0,0,0.5,0.5,0,0,0.5,0.5,0,0,0.5,0.5,0,0,0.5,0.5,0,0,0.5,0.5,0,1600,0.1,0.5,0,1700,0.1,0.5,0,1800,0.3,0.5,0,0,0.5,0.5,2000,2000,0.1,0.5,2000,2100,0.1,0.5,0,0,0.5,0.5,0,0,0.5,0.5,0,0,0.5,0.5,0,0,0.5,0.5,2600,2600,0.1,0.5,2700,2000,0.3,0.5,0,0,0.5,0.5,0,0,0.5,0.5,3000,3000,0.3,0.5,3000,3100,0.1,0.5,3200,3200,0.1,0.5,3200,3300,0.1,0.5,3400,3400,0.1,0.5,3400,3500,0.1,0.5,0,0,0,0,3700,3000,0.3,0.5,0,0,0,0,0,0,0,0,5100,4000,0,1,0,0,0,0,0,0,0,0,4300,4300,0.1,0.5,4400,4400,0.1,0.5
9990101,Yasha Ape_Test_HU For heavy attack in front -- 夜叉猿_テスト_HU前の強攻撃用,5101,0,0,0,5101,100,0.5,0.5,200,200,0.5,0.2,300,300,0.5,0.2,300,400,0.5,0.2,500,500,0.5,0.5,0,0,0.1,0.5,700,700,2,0.25,0,0,0.5,0.5,0,900,0.1,0.5,5101,1000,0.1,0.5,0,0,0.5,0.5,0,0,0.5,0.5,0,0,0.5,0.5,0,0,0.5,0.5,0,0,0.5,0.5,0,1600,0.1,0.5,0,1700,0.1,0.5,0,1800,0.3,0.5,0,0,0.5,0.5,2000,2000,0.1,0.5,2000,2100,0.1,0.5,0,0,0.5,0.5,0,0,0.5,0.5,0,0,0.5,0.5,0,0,0.5,0.5,2600,2600,0.1,0.5,2700,2000,0.3,0.5,0,0,0.5,0.5,0,0,0.5,0.5,3000,3000,0.3,0.5,3000,3100,0.1,0.5,3200,3200,0.1,0.5,3200,3300,0.1,0.5,3400,3400,0.1,0.5,3400,3500,0.1,0.5,0,0,0,0,3700,3000,0.3,0.5,0,0,0,0,0,0,0,0,5101,4000,0,1,0,0,0,0,0,0,0,0,4300,4300,0.1,0.5,4400,4400,0.1,0.5
9990102,Yasha Ape_Test_HU Proximity after -- 夜叉猿_テスト_HU後近接,5102,0,0,0,5100,100,0.5,0.5,200,200,0.5,0.2,300,300,0.5,0.2,300,400,0.5,0.2,500,500,0.5,0.5,0,0,0.1,0.5,700,700,2,0.25,0,0,0.5,0.5,0,900,0.1,0.5,5102,1000,0.1,0.5,0,0,0.5,0.5,0,0,0.5,0.5,0,0,0.5,0.5,0,0,0.5,0.5,0,0,0.5,0.5,0,1600,0.1,0.5,0,1700,0.1,0.5,0,1800,0.3,0.5,0,0,0.5,0.5,2000,2000,0.1,0.5,2000,2100,0.1,0.5,0,0,0.5,0.5,0,0,0.5,0.5,0,0,0.5,0.5,0,0,0.5,0.5,2600,2600,0.1,0.5,2700,2000,0.3,0.5,0,0,0.5,0.5,0,0,0.5,0.5,3000,3000,0.3,0.5,3000,3100,0.1,0.5,3200,3200,0.1,0.5,3200,3300,0.1,0.5,3400,3400,0.1,0.5,3400,3500,0.1,0.5,0,0,0,0,3700,3000,0.3,0.5,0,0,0,0,0,0,0,0,5102,4000,0,1,0,0,0,0,0,0,0,0,4300,4300,0.1,0.5,4400,4400,0.1,0.5
9990170,Test Map-Attic Test 1 -- テストマップ-渓谷蛇谷社の天井裏テスト1,0,0,0,0,100,100,0.5,0.5,200,200,0.5,0.2,300,300,0.5,0.2,300,400,0.5,0.2,500,500,0.5,0.5,0,0,0.1,0.5,700,700,2,0.25,0,0,0.5,0.5,0,900,0.1,0.5,0,1000,0.1,0.5,0,0,0.5,0.5,0,0,0.5,0.5,0,0,0.5,0.5,0,0,0.5,0.5,0,0,0.5,0.5,0,1600,0.1,0.5,0,1700,0.1,0.5,0,1800,0.3,0.5,0,0,0.5,0.5,2000,2000,0.1,0.5,2000,2100,0.1,0.5,0,0,0.5,0.5,0,0,0.5,0.5,0,0,0.5,0.5,0,0,0.5,0.5,2600,2600,0.1,0.5,2700,2000,0.3,0.5,0,0,0.5,0.5,0,0,0.5,0.5,3000,3000,0.3,0.5,3000,3100,0.1,0.5,3200,3200,0.1,0.5,3200,3300,0.1,0.5,3400,3400,0.1,0.5,3400,3500,0.1,0.5,0,0,0,0,3700,3000,0.3,0.5,0,0,0,0,0,0,0,0,0,4000,0,1,0,0,0,0,0,0,0,0,4300,4300,0.1,0.5,4400,4400,0.1,0.5
9990171,Test Map-Attic Test 2 of Gorge Jayasha -- テストマップ-渓谷蛇谷社の天井裏テスト2,0,0,0,0,100,100,0.5,0.5,200,200,0.5,0.2,300,300,0.5,0.2,300,400,0.5,0.2,500,500,0.5,0.5,0,0,0.1,0.5,700,700,2,0.25,0,0,0.5,0.5,0,900,0.1,0.5,0,1000,0.1,0.5,0,0,0.5,0.5,0,0,0.5,0.5,0,0,0.5,0.5,0,0,0.5,0.5,0,0,0.5,0.5,0,1600,0.1,0.5,0,1700,0.1,0.5,0,1800,0.3,0.5,0,0,0.5,0.5,2000,2000,0.1,0.5,2000,2100,0.1,0.5,0,0,0.5,0.5,0,0,0.5,0.5,0,0,0.5,0.5,0,0,0.5,0.5,2600,2600,0.1,0.5,2700,2000,0.3,0.5,0,0,0.5,0.5,0,0,0.5,0.5,3000,3000,0.3,0.5,3000,3100,0.1,0.5,3200,3200,0.1,0.5,3200,3300,0.1,0.5,3400,3400,0.1,0.5,3400,3500,0.1,0.5,0,0,0,0,3700,3000,0.3,0.5,0,0,0,0,0,0,0,0,0,4000,0,1,0,0,0,0,0,0,0,0,4300,4300,0.1,0.5,4400,4400,0.1,0.5
9990200,Test map-Temple_Looking up allowed -- テストマップ-寺_見上げ許容,59200,0,0,0,59200,100,0.5,0.5,59200,200,0.5,0.2,59200,300,0.5,0.2,59200,400,0.5,0.2,59201,500,0.5,0.5,59200,0,0.1,0.5,700,700,2,0.25,0,0,0.5,0.5,59200,900,0.1,0.5,59200,1000,0.1,0.5,0,0,0.5,0.5,0,0,0.5,0.5,0,0,0.5,0.5,0,0,0.5,0.5,0,0,0.5,0.5,59200,1600,0.1,0.5,59200,1700,0.1,0.5,59200,1800,0.3,0.5,0,0,0.5,0.5,59200,2000,0.1,0.5,59200,2100,0.1,0.5,0,0,0.5,0.5,0,0,0.5,0.5,0,0,0.5,0.5,0,0,0.5,0.5,59200,2600,0.1,0.5,2700,2000,0.3,0.5,0,0,0.5,0.5,0,0,0.5,0.5,59200,3000,0.3,0.5,59200,3100,0.1,0.5,59200,3200,0.1,0.5,59200,3300,0.1,0.5,59200,3400,0.1,0.5,59200,3500,0.1,0.5,59200,0,0,0,59200,3000,0.3,0.5,59200,0,0,0,59200,0,0,0,59200,4000,0,1,59200,0,0,0,59200,0,0,0,59200,4300,0.1,0.5,59200,4400,0.1,0.5
9990201,Test Map-Temple_Overlooking Allowed -- テストマップ-寺_見下ろし許容,59210,59210,0,0,59210,100,0.5,0.5,59210,200,0.5,0.2,59210,300,0.5,0.2,59210,400,0.5,0.2,59210,500,0.5,0.5,59210,0,0.1,0.5,700,700,2,0.25,0,0,0.5,0.5,59210,900,0.1,0.5,59210,59210,0.1,0.5,0,0,0.5,0.5,0,0,0.5,0.5,0,0,0.5,0.5,0,0,0.5,0.5,0,0,0.5,0.5,59210,1600,0.1,0.5,59210,1700,0.1,0.5,59210,1800,0.3,0.5,0,0,0.5,0.5,59210,2000,0.1,0.5,59210,2100,0.1,0.5,0,0,0.5,0.5,0,0,0.5,0.5,0,0,0.5,0.5,0,0,0.5,0.5,59210,2600,0.1,0.5,2700,2000,0.3,0.5,0,0,0.5,0.5,0,0,0.5,0.5,59210,3000,0.3,0.5,59210,3100,0.1,0.5,59210,3200,0.1,0.5,59210,3300,0.1,0.5,59210,3400,0.1,0.5,59210,3500,0.1,0.5,59210,0,0,0,59210,3000,0.3,0.5,59210,0,0,0,59210,0,0,0,59210,4000,0,1,59210,0,0,0,59210,0,0,0,59210,4300,0.1,0.5,59210,4400,0.1,0.5
9900500,[Test map] Rival_Normal -- 【テストマップ】ライバル_通常,7100000,0,0,0,7100001,100,0.5,0.5,200,200,0.5,0.2,300,300,0.5,0.2,300,400,0.5,0.2,500,500,0.5,0.5,7100000,0,0.1,0.5,7100007,700,2,0.25,0,0,0.5,0.5,7100000,900,0.1,0.5,7100000,1000,0.1,0.5,0,0,0.5,0.5,0,0,0.5,0.5,0,0,0.5,0.5,0,0,0.5,0.5,0,0,0.5,0.5,7100000,1600,0.1,0.5,7100000,1700,0.1,0.5,7100000,1800,0.3,0.5,0,0,0.5,0.5,2000,2000,0.1,0.5,2000,2100,0.1,0.5,0,0,0.5,0.5,0,0,0.5,0.5,0,0,0.5,0.5,0,0,0.5,0.5,2600,2600,0.1,0.5,2700,2000,0.3,0.5,0,0,0.5,0.5,0,0,0.5,0.5,3000,3000,0.3,0.5,3000,3100,0.1,0.5,3200,3200,0.1,0.5,3200,3300,0.1,0.5,3400,3400,0.1,0.5,3400,3500,0.1,0.5,0,0,0,0,3700,3000,0.3,0.5,0,0,0,0,0,0,0,0,7100000,4000,0,1,0,0,0,0,0,0,0,0,4300,4300,0.1,0.5,4400,4400,0.1,0.5
9990501,[Test map] Rival_bow 4 consecutive shots -- 【テストマップ】ライバル_弓4連射,7100100,0,0,0,7100101,100,0.5,0.5,200,200,0.5,0.2,300,300,0.5,0.2,300,400,0.5,0.2,500,500,0.5,0.5,7100100,0,0.1,0.5,7100107,700,2,0.25,0,0,0.5,0.5,7100100,900,0.1,0.5,7100100,1000,0.1,0.5,0,0,0.5,0.5,0,0,0.5,0.5,0,0,0.5,0.5,0,0,0.5,0.5,0,0,0.5,0.5,7100100,1600,0.1,0.5,7100100,1700,0.1,0.5,7100100,1800,0.3,0.5,0,0,0.5,0.5,2000,2000,0.1,0.5,2000,2100,0.1,0.5,0,0,0.5,0.5,0,0,0.5,0.5,0,0,0.5,0.5,0,0,0.5,0.5,2600,2600,0.1,0.5,2700,2000,0.3,0.5,0,0,0.5,0.5,0,0,0.5,0.5,3000,3000,0.3,0.5,3000,3100,0.1,0.5,3200,3200,0.1,0.5,3200,3300,0.1,0.5,3400,3400,0.1,0.5,3400,3500,0.1,0.5,0,0,0,0,3700,3000,0.3,0.5,0,0,0,0,0,0,0,0,7100100,4000,0,1,0,0,0,0,0,0,0,0,4300,4300,0.1,0.5,4400,4400,0.1,0.5
9990510,[Test map] Horse-riding warrior_normal -- 【テストマップ】騎馬武者_通常,5080000,0,0,0,5080001,100,0.5,0.5,200,200,0.5,0.2,300,300,0.5,0.2,300,400,0.5,0.2,500,500,0.5,0.5,5080000,0,0.1,0.5,5080007,700,2,0.25,0,0,0.5,0.5,5080000,900,0.1,0.5,5080000,1000,0.1,0.5,0,0,0.5,0.5,0,0,0.5,0.5,0,0,0.5,0.5,0,0,0.5,0.5,0,0,0.5,0.5,5080000,1600,0.1,0.5,5080000,1700,0.1,0.5,5080000,1800,0.3,0.5,0,0,0.5,0.5,2000,2000,0.1,0.5,2000,2100,0.1,0.5,0,0,0.5,0.5,0,0,0.5,0.5,0,0,0.5,0.5,0,0,0.5,0.5,2600,2600,0.1,0.5,2700,2000,0.3,0.5,0,0,0.5,0.5,0,0,0.5,0.5,3000,3000,0.3,0.5,3000,3100,0.1,0.5,3200,3200,0.1,0.5,3200,3300,0.1,0.5,3400,3400,0.1,0.5,3400,3500,0.1,0.5,0,0,0,0,3700,3000,0.3,0.5,0,0,0,0,0,0,0,0,5080000,4000,0,1,0,0,0,0,0,0,0,0,4300,4300,0.1,0.5,4400,4400,0.1,0.5
9990511,[Test map] Cavalry warrior_Look up -- 【テストマップ】騎馬武者_見上げ,5080100,0,0,0,5080101,100,0.5,0.5,200,200,0.5,0.2,300,300,0.5,0.2,300,400,0.5,0.2,500,500,0.5,0.5,5080100,0,0.1,0.5,5080107,700,2,0.25,0,0,0.5,0.5,5080100,900,0.1,0.5,5080100,1000,0.1,0.5,0,0,0.5,0.5,0,0,0.5,0.5,0,0,0.5,0.5,0,0,0.5,0.5,0,0,0.5,0.5,5080100,1600,0.1,0.5,5080100,1700,0.1,0.5,5080100,1800,0.3,0.5,0,0,0.5,0.5,2000,2000,0.1,0.5,2000,2100,0.1,0.5,0,0,0.5,0.5,0,0,0.5,0.5,0,0,0.5,0.5,0,0,0.5,0.5,2600,2600,0.1,0.5,2700,2000,0.3,0.5,0,0,0.5,0.5,0,0,0.5,0.5,3000,3000,0.3,0.5,3000,3100,0.1,0.5,3200,3200,0.1,0.5,3200,3300,0.1,0.5,3400,3400,0.1,0.5,3400,3500,0.1,0.5,0,0,0,0,3700,3000,0.3,0.5,0,0,0,0,0,0,0,0,5080100,4000,0,1,0,0,0,0,0,0,0,0,4300,4300,0.1,0.5,4400,4400,0.1,0.5
