ID,Name,materialId01,materialId02,materialId03,materialId04,materialId05,itemNum01,itemNum02,itemNum03,itemNum04,itemNum05,materialCate01,materialCate02,materialCate03,materialCate04,materialCate05,isDisableDispNum01,isDisableDispNum02,isDisableDispNum03,isDisableDispNum04,isDisableDispNum05,pad,
1,Scale request _1 sheet -- 鱗要求_1枚,10000,-1,-1,-1,-1,1,-1,-1,-1,-1,4,15,15,15,15,0,0,0,0,0,0
2,Scale request_2 sheets -- 鱗要求_2枚,10000,-1,-1,-1,-1,2,-1,-1,-1,-1,4,15,15,15,15,0,0,0,0,0,0
3,Scale request_3 sheets -- 鱗要求_3枚,10000,-1,-1,-1,-1,3,-1,-1,-1,-1,4,15,15,15,15,0,0,0,0,0,0
4,Scale request_4 sheets -- 鱗要求_4枚,10000,-1,-1,-1,-1,4,-1,-1,-1,-1,4,15,15,15,15,0,0,0,0,0,0
5,Scale request_5 sheets -- 鱗要求_5枚,10000,-1,-1,-1,-1,5,-1,-1,-1,-1,4,15,15,15,15,0,0,0,0,0,0
6,Scale request_6 sheets -- 鱗要求_6枚,10000,-1,-1,-1,-1,6,-1,-1,-1,-1,4,15,15,15,15,0,0,0,0,0,0
7,Scale request_7 sheets -- 鱗要求_7枚,10000,-1,-1,-1,-1,7,-1,-1,-1,-1,4,15,15,15,15,0,0,0,0,0,0
8,Scale request_8 sheets -- 鱗要求_8枚,10000,-1,-1,-1,-1,8,-1,-1,-1,-1,4,15,15,15,15,0,0,0,0,0,0
9,Scale request_9 sheets -- 鱗要求_9枚,10000,-1,-1,-1,-1,9,-1,-1,-1,-1,4,15,15,15,15,0,0,0,0,0,0
10,Scale request_10 sheets -- 鱗要求_10枚,10000,-1,-1,-1,-1,10,-1,-1,-1,-1,4,15,15,15,15,0,0,0,0,0,0
11,Scale request_11 sheets -- 鱗要求_11枚,10000,-1,-1,-1,-1,11,-1,-1,-1,-1,4,15,15,15,15,0,0,0,0,0,0
12,Scale request_12 sheets -- 鱗要求_12枚,10000,-1,-1,-1,-1,12,-1,-1,-1,-1,4,15,15,15,15,0,0,0,0,0,0
13,Scale request_13 sheets -- 鱗要求_13枚,10000,-1,-1,-1,-1,13,-1,-1,-1,-1,4,15,15,15,15,0,0,0,0,0,0
14,Scale request_14 sheets -- 鱗要求_14枚,10000,-1,-1,-1,-1,14,-1,-1,-1,-1,4,15,15,15,15,0,0,0,0,0,0
15,Scale request_15 sheets -- 鱗要求_15枚,10000,-1,-1,-1,-1,15,-1,-1,-1,-1,4,15,15,15,15,0,0,0,0,0,0
16,Scale request_16 sheets -- 鱗要求_16枚,10000,-1,-1,-1,-1,16,-1,-1,-1,-1,4,15,15,15,15,0,0,0,0,0,0
17,Scale request_17 sheets -- 鱗要求_17枚,10000,-1,-1,-1,-1,17,-1,-1,-1,-1,4,15,15,15,15,0,0,0,0,0,0
18,Scale request_18 sheets -- 鱗要求_18枚,10000,-1,-1,-1,-1,18,-1,-1,-1,-1,4,15,15,15,15,0,0,0,0,0,0
19,Scale request_19 sheets -- 鱗要求_19枚,10000,-1,-1,-1,-1,19,-1,-1,-1,-1,4,15,15,15,15,0,0,0,0,0,0
20,Scale request_20 sheets -- 鱗要求_20枚,10000,-1,-1,-1,-1,20,-1,-1,-1,-1,4,15,15,15,15,0,0,0,0,0,0
100000,Shuriken -- 手裏剣,9700,-1,-1,-1,-1,1,-1,-1,-1,-1,4,15,15,15,15,0,0,0,0,0,0
100010,Firecracker -- 爆竹,9710,-1,-1,-1,-1,1,-1,-1,-1,-1,4,15,15,15,15,0,0,0,0,0,0
100020,Ignition -- 発火,9720,-1,-1,-1,-1,1,-1,-1,-1,-1,4,15,15,15,15,0,0,0,0,0,0
100030,Preparation ax -- 仕込み斧,9730,-1,-1,-1,-1,1,-1,-1,-1,-1,4,15,15,15,15,0,0,0,0,0,0
100040,Transformation -- 変わり身,9740,-1,-1,-1,-1,1,-1,-1,-1,-1,4,15,15,15,15,0,0,0,0,0,0
100050,Kodachi -- 仕込み小太刀,9750,-1,-1,-1,-1,1,-1,-1,-1,-1,4,15,15,15,15,0,0,0,0,0,0
100060,Iron fan -- 鉄扇,9760,-1,-1,-1,-1,1,-1,-1,-1,-1,4,15,15,15,15,0,0,0,0,0,0
100070,Turn the enemy -- 敵回し,9770,-1,-1,-1,-1,1,-1,-1,-1,-1,4,15,15,15,15,0,0,0,0,0,0
100080,Preparation spear -- 仕込み槍,9780,-1,-1,-1,-1,1,-1,-1,-1,-1,4,15,15,15,15,0,0,0,0,0,0
100090,Finger whistle -- 指笛,9790,-1,-1,-1,-1,1,-1,-1,-1,-1,4,15,15,15,15,0,0,0,0,0,0
200000,Prosthetic Hand Ninja: Wire Attack -- 義手忍び流：ワイヤー攻撃,1200,0,0,0,0,1,0,0,0,0,4,0,0,0,0,0,0,0,0,0,0
200100,Ninja: Aerial Guard / Jasuga -- 忍び流：空中ガード/ジャスガ,1200,0,0,0,0,1,0,0,0,0,4,0,0,0,0,0,0,0,0,0,0
200200,Prosthetic Hand Ninja: Aerial Prosthetic Hand Ninja -- 義手忍び流：空中義手忍具,1200,0,0,0,0,3,0,0,0,0,4,0,0,0,0,0,0,0,0,0,0
200300,Ninja: Step closeout -- 忍び流：ステップ見切り,1200,0,0,0,0,2,0,0,0,0,4,0,0,0,0,0,0,0,0,0,0
200400,Ninja: Sliding (dash crouching) -- 忍び流：スライディング（ダッシュしゃがみ）,1200,0,0,0,0,1,0,0,0,0,4,0,0,0,0,0,0,0,0,0,0
200500,Ninja style: aerial style -- 忍び流：空中流派技,1200,0,0,0,0,3,0,0,0,0,4,0,0,0,0,0,0,0,0,0,0
200600,Ninja: Breaking the back -- 忍び流：崩し裏回り,1200,0,0,0,0,2,0,0,0,0,4,0,0,0,0,0,0,0,0,0,0
210000,Shinobi-ryu: Deadly Sword_Rotating Slash Lifted -- 忍び流：必殺剣_回転斬り解禁,1200,0,0,0,0,1,0,0,0,0,4,0,0,0,0,0,0,0,0,0,0
211000,Shinobi-ryu: Deadly Sword_Ninja Fang Crash Lifted -- 忍び流：必殺剣_忍者牙突解禁,1200,0,0,0,0,6,0,0,0,0,4,0,0,0,0,0,0,0,0,0,0
301000,Prosthetic hand ninja style: slashing -- 義手忍び流：追い斬り,1200,0,0,0,0,1,0,0,0,0,4,0,0,0,0,0,0,0,0,0,0
301100,Prosthetic hand ninja style: slashing in a row -- 義手忍び流：連ね斬り,1200,0,0,0,0,2,0,0,0,0,4,0,0,0,0,0,0,0,0,0,0
301200,Prosthetic Hand Ninja: Unleashed Slash -- 義手忍び流：放ち斬り,1200,0,0,0,0,1,0,0,0,0,4,0,0,0,0,0,0,0,0,0,0
301300,Prosthetic Hand Ninja: Matoi Slash -- 義手忍び流：まとい斬り,1200,0,0,0,0,4,0,0,0,0,4,0,0,0,0,0,0,0,0,0,0
310000,Prosthetic Hand Ninja: Deadly Sword_Dive-in Slash Lifted -- 義手忍び流：必殺剣_飛び込み斬り解禁,1200,0,0,0,0,2,0,0,0,0,4,0,0,0,0,0,0,0,0,0,0
310100,Prosthetic Hand Ninja: Special Sword_Dive-in Slash Strengthening +1 -- 義手忍び流：必殺剣_飛び込み斬り強化+1,1200,0,0,0,0,3,0,0,0,0,4,0,0,0,0,0,0,0,0,0,0
400000,Ashina style: Reservoir thrust -- 葦名流：溜め突き,1200,0,0,0,0,0,0,0,0,0,4,0,0,0,0,0,0,0,0,0,0
410000,Ashina style: Deadly sword _ face-to-face lifted -- 葦名流：必殺剣_面打ち解禁,1200,0,0,0,0,2,0,0,0,0,4,0,0,0,0,0,0,0,0,0,0
410100,Ashina style: Special sword_face-up strengthening +1 -- 葦名流：必殺剣_面打ち強化+1,1200,0,0,0,0,3,0,0,0,0,4,0,0,0,0,0,0,0,0,0,0
411000,Ashina style: Deadly sword _ Iai lifted -- 葦名流：必殺剣_居合い解禁,1200,0,0,0,0,5,0,0,0,0,4,0,0,0,0,0,0,0,0,0,0
510000,Temple style: Special sword_Jiu-Jitsu ban lifted -- 寺流：必殺剣_体術連撃解禁,1200,0,0,0,0,2,0,0,0,0,4,0,0,0,0,0,0,0,0,0,0
510100,Temple style: Special sword _ Strengthening physique continuous attack +1 -- 寺流：必殺剣_体術連撃強化+1,1200,0,0,0,0,3,0,0,0,0,4,0,0,0,0,0,0,0,0,0,0
511000,Temple style: Special sword_Kick rush lifted -- 寺流：必殺剣_蹴りラッシュ解禁,1200,0,0,0,0,3,0,0,0,0,4,0,0,0,0,0,0,0,0,0,0
511100,Temple style: Special sword _ Kick rush strengthening +1 -- 寺流：必殺剣_蹴りラッシュ強化+1,1200,0,0,0,0,4,0,0,0,0,4,0,0,0,0,0,0,0,0,0,0
610100,Combined: Deadly Sword_Ninja Fang Strengthening +1 -- 複合：必殺剣_忍者牙突強化+1,1200,0,0,0,0,6,0,0,0,0,4,0,0,0,0,0,0,0,0,0,0
611100,Combined: Special Sword _ Eight Flying Rush Strengthening +1 -- 複合：必殺剣_八艘飛びラッシュ強化+1,1200,0,0,0,0,9,0,0,0,0,4,0,0,0,0,0,0,0,0,0,0
612100,Combined: Deadly Sword_Immortal Slash Slash Strengthening +1 -- 複合：必殺剣_不死斬り斬撃強化+1,1200,0,0,0,0,5,0,0,0,0,4,0,0,0,0,0,0,0,0,0,0
620000,Covert A (make the sign smaller) -- 隠密A（気配を小さくする）,1200,0,0,0,0,2,0,0,0,0,4,0,0,0,0,0,0,0,0,0,0
620100,Covert B (makes the sound quieter) -- 隠密B（音を小さくする）,1200,0,0,0,0,3,0,0,0,0,4,0,0,0,0,0,0,0,0,0,0
620200,Covert + 1C -- 隠密+1C,1200,0,0,0,0,0,0,0,0,0,4,0,0,0,0,0,0,0,0,0,0
630000,Good luck + 1A -- 幸運+1A,1200,0,0,0,0,3,0,0,0,0,4,0,0,0,0,0,0,0,0,0,0
630100,Good luck + 1B -- 幸運+1B,1200,0,0,0,0,4,0,0,0,0,4,0,0,0,0,0,0,0,0,0,0
630200,Good luck + 1C -- 幸運+1C,1200,0,0,0,0,0,0,0,0,0,4,0,0,0,0,0,0,0,0,0,0
640000,Knowledge of medicine + 1A -- 薬の知識+1A,1200,0,0,0,0,4,0,0,0,0,4,0,0,0,0,0,0,0,0,0,0
640100,Knowledge of medicine + 1B -- 薬の知識+1B,1200,0,0,0,0,5,0,0,0,0,4,0,0,0,0,0,0,0,0,0,0
640200,Knowledge of medicine + 1C -- 薬の知識+1C,1200,0,0,0,0,0,0,0,0,0,4,0,0,0,0,0,0,0,0,0,0
640300,Knowledge of medicine + 1D -- 薬の知識+1D,1200,0,0,0,0,0,0,0,0,0,4,0,0,0,0,0,0,0,0,0,0
640400,Knowledge of medicine + 1E -- 薬の知識+1E,1200,0,0,0,0,0,0,0,0,0,4,0,0,0,0,0,0,0,0,0,0
650000,Upper limit of possession of form + 1A -- 形代所持上限+1A,1200,0,0,0,0,2,0,0,0,0,4,0,0,0,0,0,0,0,0,0,0
650100,Upper limit of possession of form + 1B -- 形代所持上限+1B,1200,0,0,0,0,3,0,0,0,0,4,0,0,0,0,0,0,0,0,0,0
650200,Upper limit of possession of form + 1C -- 形代所持上限+1C,1200,0,0,0,0,2,0,0,0,0,4,0,0,0,0,0,0,0,0,0,0
650300,Upper limit of possession of form + 1D -- 形代所持上限+1D,1200,0,0,0,0,3,0,0,0,0,4,0,0,0,0,0,0,0,0,0,0
650400,Upper limit of possession of form + 1E -- 形代所持上限+1E,1200,0,0,0,0,0,0,0,0,0,4,0,0,0,0,0,0,0,0,0,0
660000,HP recovery at the time of shinobi A -- 忍殺時HP回復A,1200,0,0,0,0,5,0,0,0,0,4,0,0,0,0,0,0,0,0,0,0
660100,HP recovery at the time of shinobi B -- 忍殺時HP回復B,1200,0,0,0,0,0,0,0,0,0,4,0,0,0,0,0,0,0,0,0,0
660200,Core recovery at the time of shinobi A -- 忍殺時体幹回復A,1200,0,0,0,0,2,0,0,0,0,4,0,0,0,0,0,0,0,0,0,0
660300,Core recovery at the time of shinobi B -- 忍殺時体幹回復B,1200,0,0,0,0,0,0,0,0,0,4,0,0,0,0,0,0,0,0,0,0
660400,Parting trunk scraping UP -- 見切りの体幹削りUP,1200,0,0,0,0,3,0,0,0,0,4,0,0,0,0,0,0,0,0,0,0
660500,Buff duration UP -- バフの効果時間UP,1200,0,0,0,0,3,0,0,0,0,4,0,0,0,0,0,0,0,0,0,0
660600,Jasuga&#39;s trunk shaving UP -- ジャスガの体幹削りUP,1200,0,0,0,0,2,0,0,0,0,4,0,0,0,0,0,0,0,0,0,0
660700,Jasuga rear sword trunk sharpening UP -- ジャスガ後刀体幹削りUP,1200,0,0,0,0,1,0,0,0,0,4,0,0,0,0,0,0,0,0,0,0
660800,Guard / Jasuga&#39;s trunk is shaved and cut -- ガード/ジャスガの体幹削られカット,1200,0,0,0,0,3,0,0,0,0,4,0,0,0,0,0,0,0,0,0,0
701000,Virtual Weapon: Shuriken LV2 (can be stored) -- 仮想武器：手裏剣LV2（溜め可能）,6000,-1,-1,-1,-1,3,-1,-1,-1,-1,4,15,15,15,15,0,0,0,0,0,0
702000,Virtual Weapon: Shuriken LV3-A (can be stored + penetrated) -- 仮想武器：手裏剣LV3-A（溜め可能 + 貫通）,6010,-1,-1,-1,-1,3,-1,-1,-1,-1,4,15,15,15,15,0,0,0,0,0,0
703000,Virtual Weapon: Shuriken LV3-B (Can be stored + Butterfly Phantom Bullet) -- 仮想武器：手裏剣LV3-B（溜め可能 + お蝶幻影弾丸）,9701,6010,6300,6000,-1,1,3,3,6,-1,4,4,4,4,15,0,0,0,0,0,0
704000,Virtual Weapon: Shuriken LV3-C (Pumpable + Money Throw) -- 仮想武器：手裏剣LV3-C（溜め可能 + 銭投げ）,6020,6010,6000,-1,-1,2,4,4,-1,-1,4,4,4,15,15,0,0,0,0,0,0
705000,Virtual Weapon: Shuriken LV4 (Can be stored + Penetration + Power UP) -- 仮想武器：手裏剣LV4（溜め可能 + 貫通 + 威力UP）,6400,6020,6310,6010,6300,2,5,3,6,6,4,4,4,4,4,0,0,0,0,0,0
711000,Virtual Weapon: Firecracker LV2 (can be stored) -- 仮想武器：爆竹LV2（溜め可能）,6000,6100,-1,-1,-1,2,1,-1,-1,-1,4,4,15,15,15,0,0,0,0,0,0
712000,Virtual Weapon: Firecracker LV3-A (can be stored + explosive time extension) -- 仮想武器：爆竹LV3-A（溜め可能 + 炸裂時間延長）,6200,6100,-1,-1,-1,2,3,-1,-1,-1,4,4,15,15,15,0,0,0,0,0,0
713000,Virtual Weapon: Firecracker LV3-B (can be stored + harmful substances) -- 仮想武器：爆竹LV3-B（溜め可能 + 有害物質）,6020,6210,6300,-1,-1,2,2,5,-1,-1,4,4,4,15,15,0,0,0,0,0,0
721000,Virtual Weapon: Ignition LV2 (can be stored) -- 仮想武器：発火LV2（溜め可能）,6000,6100,-1,-1,-1,3,4,-1,-1,-1,4,4,15,15,15,0,0,0,0,0,0
722000,Virtual Weapon: Ignition LV3 (can be stored + flame can be emitted) -- 仮想武器：発火LV3（溜め可能 + 火炎放射可能）,9721,6010,6200,6100,-1,1,2,4,6,-1,4,4,4,4,15,0,0,0,0,0,0
723000,Virtual Weapon: Fire LV4 (Can be stored + Flame can be emitted + Anti-spirit) -- 仮想武器：発火LV4（溜め可能 + 火炎放射可能 + 対霊）,6400,6210,6310,6200,6300,3,4,4,7,7,4,4,4,4,4,0,0,0,0,0,0
731000,Virtual Weapon: Ax LV2 (can be stored) -- 仮想武器：斧LV2（溜め可能）,6000,-1,-1,-1,-1,5,-1,-1,-1,-1,4,15,15,15,15,0,0,0,0,0,0
732000,Virtual Weapon: Ax LV3 (can be stored + explodes) -- 仮想武器：斧LV3（溜め可能 + 爆裂）,6020,6200,6000,6100,-1,2,2,4,4,-1,4,4,4,4,15,0,0,0,0,0,0
733000,Virtual Weapon: Ax LV4 (Available + Explosion + Phantom Eraser) -- 仮想武器：斧LV4（溜め可能 + 爆裂 + 幻影消し）,6400,6020,6210,6310,-1,3,5,3,3,-1,4,4,4,4,15,0,0,0,0,0,0
741000,Virtual Weapon: Transformation LV2 (Can be activated after damage) -- 仮想武器：変わり身LV2（ダメージ後発動可能）,6010,6300,6100,-1,-1,2,1,2,-1,-1,4,4,4,15,15,0,0,0,0,0,0
742000,Virtual Weapon: Transformation LV3 (Can be activated after damage + Shock wave when activated) -- 仮想武器：変わり身LV3（ダメージ後発動可能 + 発動時衝撃波）,6210,6310,6200,6300,-1,3,3,4,4,-1,4,4,4,4,15,0,0,0,0,0,0
751000,Virtual Weapon: Kodachi LV2 (Derivative attack possible) -- 仮想武器：小太刀LV2（派生攻撃可能）,6010,6000,-1,-1,-1,4,4,-1,-1,-1,4,4,15,15,15,0,0,0,0,0,0
752000,Virtual weapon: Kodachi LV3-A (derivative attack possible + guard penetration) -- 仮想武器：小太刀LV3-A（派生攻撃可能 + ガード貫通）,6020,6010,6000,-1,-1,4,4,8,-1,-1,4,4,4,15,15,0,0,0,0,0,0
753000,Virtual Weapon: Kodachi LV3-B (Derivative attack possible + Poison fog spray) -- 仮想武器：小太刀LV3-B（派生攻撃可能 + 毒霧散布）,6400,6020,6210,6010,6000,2,4,4,8,12,4,4,4,4,4,0,0,0,0,0,0
761000,Virtual Weapon: Iron Fan LV2 (Can be turned) -- 仮想武器：鉄扇LV2（回し受け可能）,6010,6000,-1,-1,-1,3,4,-1,-1,-1,4,4,15,15,15,0,0,0,0,0,0
762000,Virtual Weapon: Iron Fan LV3-A (Can be turned + Anti-flame) -- 仮想武器：鉄扇LV3-A（回し受け可能 + 対炎）,6020,6210,6010,6200,-1,2,2,6,6,-1,4,4,4,4,15,0,0,0,0,0,0
763000,Virtual Weapon: Iron Fan LV3-B (Can be turned + Anti-spirit) -- 仮想武器：鉄扇LV3-B（回し受け可能 + 対霊）,6010,6300,6000,-1,-1,4,4,6,-1,-1,4,4,4,15,15,0,0,0,0,0,0
771000,Virtual Weapon: Enemy Turn LV2 (Can be activated continuously) -- 仮想武器：敵回しLV2（連続発動可能）,6000,6100,-1,-1,-1,3,2,-1,-1,-1,4,4,15,15,15,0,0,0,0,0,0
772000,Virtual Weapon: Enemy Turn LV3 (Continuous activation possible + Steal) -- 仮想武器：敵回しLV3（連続発動可能 + 盗み）,6020,6310,6300,6000,-1,2,2,4,8,-1,4,4,4,4,15,0,0,0,0,0,0
781000,Virtual Weapon: Spear LV2-A -- 仮想武器：槍LV2-A（溜め突撃可能）,6000,-1,-1,-1,-1,5,-1,-1,-1,-1,4,15,15,15,15,0,0,0,0,0,0
782000,Virtual Weapon: Spear LV2-B -- 仮想武器：槍LV2-B（溜めなぎ払い可能）,6010,6000,-1,-1,-1,3,4,-1,-1,-1,4,4,15,15,15,0,0,0,0,0,0
783000,Virtual Weapon: Spear LV3-A (Pump Assault + Corkscrew) -- 仮想武器：槍LV3-A（溜め突撃可能 + コークスクリュー）,6010,6000,-1,-1,-1,4,10,-1,-1,-1,4,4,15,15,15,0,0,0,0,0,0
784000,Virtual Weapon: Spear LV3-B -- 仮想武器：槍LV3-B（溜めなぎ払い可能 + 炎）,6020,6210,6200,6100,-1,2,1,4,8,-1,4,4,4,4,15,0,0,0,0,0,0
791000,Virtual Weapon: Finger Whistle LV2 (can be stored) -- 仮想武器：指笛LV2（溜め可能）,6010,6300,-1,-1,-1,3,2,-1,-1,-1,4,4,15,15,15,0,0,0,0,0,0
792000,Virtual Weapon: Finger Whistle LV3 (Can be stored + Minor) -- 仮想武器：指笛LV3（溜め可能 + 短調）,9791,6020,6310,6010,6300,1,2,2,4,4,4,4,4,4,4,0,0,0,0,0,0
