ID,Name,m_textureFilterQuality,m_aaQuality,m_ssaoQuality,m_dofQuality,m_motionBlurQuality,m_shadowQuality,m_lightingQuality,m_effectQuality,m_decalQuality,m_reflectionQuality,m_waterQuality,m_shaderQuality,m_volumetricEffectQuality,m_dummy,
0,Default,2,3,3,3,3,3,3,3,3,3,3,3,3,[0|0|0]
1,Win,3,3,3,3,3,3,3,3,3,3,3,3,3,[0|0|0]
2,PS4,2,3,3,3,3,3,3,3,3,3,3,3,3,[0|0|0]
3,PS4 Pro,2,3,3,3,3,3,3,3,3,3,3,3,3,[0|0|0]
4,XBoxOne,2,3,3,2,2,2,3,2,2,2,2,2,2,[0|0|0]
5,XBoxOneX,2,3,3,3,3,3,3,3,3,3,3,3,3,[0|0|0]
6,Stadia,2,3,3,3,3,3,3,3,3,3,3,3,3,[0|0|0]
