ID,Name,m_textureFilterQuality,m_aaQuality,m_ssaoQuality,m_dofQuality,m_motionBlurQuality,m_shadowQuality,m_lightingQuality,m_effectQuality,m_decalQuality,m_reflectionQuality,m_waterQuality,m_shaderQuality,m_volumetricEffectQuality,m_dummy,unk0,unk1,unk2,unk3,unk4,unk5,unk6,unk7,
0,Default,2,0,0,0,3,0,0,0,3,0,0,0,3,[0|0|0],3,3,3,3,3,3,3,3
1,Win,3,0,0,0,3,0,0,0,3,0,0,0,3,[0|0|0],3,3,3,3,3,3,3,3
2,PS4,2,0,0,0,3,0,0,0,3,0,0,0,3,[0|0|0],3,3,3,3,3,3,3,3
3,PS4 Pro,2,0,0,0,3,0,0,0,3,0,0,0,3,[0|0|0],3,3,3,3,3,3,3,3
4,XBoxOne,2,0,0,0,2,0,0,0,2,0,0,0,2,[0|0|0],2,2,2,2,2,2,2,2
5,XBoxOneX,2,0,0,0,3,0,0,0,3,0,0,0,3,[0|0|0],3,3,3,3,3,3,3,3
